ChemicalID,ChemicalName,drug_index
C046983,06-Paris-LA-66 protocol,0
C039775,"10,11-dihydro-10-hydroxycarbamazepine",1
C028098,10-hydroxycamptothecin,2
C554291,"10-methoxy-2,2-dimethyl-2,6-dihydropyrano(3,2-c)quinolin-5-one",3
C521487,10-nitro-oleic acid,4
C418863,10-propargyl-10-deazaaminopterin,5
C065351,"1,10-diaminodecane",6
C532626,"1-(1'-(2-methylbenzyl)-1,4'-bipiperidin-4-yl)-1H-benzo(d)imidazol-2-(3H)-one",7
C561234,"11-(2-pyrrolidin-1-ylethoxy)-14,19-dioxa-5,7,26-triazatetracyclo(19.3.1.1(2,6).1(8,12))heptacosa-1(25),2(26),3,5,8,10,12(27),16,21,23-decaene",8
C085415,"1-(1,3-benzodioxol-5-ylcarbonyl)piperidine",9
C557705,1-(1-acetyl-piperidine-4-yl)-3-adamantan-1-yl-urea,10
C432747,"1,1-dimethylbutyl-1-deoxy-Delta(9)-THC",11
C447943,11-keto-boswellic acid,12
C561619,1-(1-methanesulfonylpiperidin-4-yl)-3-(4-trifluoromethoxyphenyl)urea,13
C519817,"1-(1-methylethyl)-4-((1-(6-(trifluoromethyl)-3-pyridinyl)-4-piperidinyl)carbonyl)hexahydro-1H-1,4-diazepine",14
C048241,1-(1-naphthyl)piperazine,15
C530925,1-(2-(1-adamantyl)ethyl)-1-pentyl-3-(3-(4-pyridyl)propyl)urea,16
C534222,1-(2-((1-ethoxycarbonyloxyethoxycarbonylmethyl)carbamoyl)-3-phenylpropyldisulfanylmethyl)-3-methylsulfanylpropylamine,17
C508955,1-(2-(2-thienyl)-2-adamantyl) morpholine,18
C501656,"1,2,3,4,8,9,10,10a-octahydro-7bH-cyclopenta(b)(1,4)diazepino(6,7,1hj)indole",19
C063159,1-(2-(3-(4-methoxyphenyl)propoxy)-4-methoxyphenylethyl)-1H-imidazole,20
C014843,"1,2,3,4-tetrahydroisoquinoline",21
C504897,12-(3-adamantan-1-ylureido)dodecanoic acid,22
C463040,"1-(2,3-dichlorobenzoyl)-5-methoxy-2-methyl-(2-(mopholin-4-yl)ethyl)-1H-indole",23
C504317,"1-(2,3-dihydro-1,4-benzodioxin-5-yl)-4-((5-(4-fluorophenyl)-3-pyridinyl)methyl)piperazine",24
C045575,"1,2,4-triazole",25
C494034,"1,2,4-triazolo(1,5-c)pyrimidine",26
C087630,"1,25-dihydroxy-16-ene-vitamin D3",27
C090785,"1,25-dihydroxy-24-oxo-16-ene-vitamin D3",28
C003564,"1,25-dihydroxyergocalciferol",29
C097949,"1,25-dihydroxyvitamin D",30
C513234,12-acetoxyhawtriwaic acid lactone,31
C509618,"1-(2-amino-2-carboxyethyl)-3-(2-carboxybenzyl)pyrimidine-2,4-dione",32
C503634,1-(2-amino-3-methyl-butyryl)-azetidine-2-carbonitrile,33
C070379,"1,2-bis(2-aminophenoxy)ethane N,N,N',N'-tetraacetic acid acetoxymethyl ester",34
C461261,(1-(2-(bis(4-fluorophenyl)methoxy)ethyl)-4-(3-hydroxy-3-phenylpropyl) piperazinyl decanoate),35
C118156,"1,2-bis(methylsulfonyl)-1--(2-chloroethyl)-2-((1-(4-nitrophenyl)ethoxy)carbonyl)hydrazine",36
C549500,1-(2-bromophenyl)-3-(7-cyano-3H-benzotriazol-4-yl)urea,37
C569107,"1-(2-chlorobenzyl)-5'-phenyl-3'H-spiro(indoline-3,2'-(1,3,4)thiadiazol)-2-one",38
C017139,1-(2-chloroethyl)-1-nitrosourea,39
C472829,"1-(2-cyano-3,12-dioxooleana-1,9-dien-28-oyl) imidazole",40
C487780,"1-(2-deoxy-beta-L-erythropentafuranosyl)-5-methyl-2,4(1H)-pyrimidinone",41
C035384,"1,2-dichloroethylene",42
D014013,"1,2-Dihydroxybenzene-3,5-Disulfonic Acid Disodium Salt",43
C505980,"1-((2-dimethylamino)ethylamino)-4-(2-(3-hydroxymethylpiperidin-1-yl)ethylamino)-5,8-dihydroxyanthracene-9,10-dione",44
D015060,"1,2-Dipalmitoylphosphatidylcholine",45
C568514,"1-(2-fluorophenyl)-3-(2-(morpholin-2-yl)ethyl)-1,3-dihydro-2,1,3-benzothiadiazole 2,2-dioxide",46
C552258,1-(2-hydroxy-1-phenylethyl)-3-(4-(pyridin-4-yl)phenyl)urea,47
C002448,"1,2-linoleoylphosphatidylcholine",48
C058895,1-(2-methoxyphenyl)-4-(4-(2-phthalimido)butyl)piperazine,49
C427703,"1-(2-methoxy-phenyl)-4-(4-(4-(6-imidazol(2,1-b) thiazolyl)-phenoxy)-butyl-4-(14)C)-piperazine dimethane",50
C420062,"1-(2-methylbenzoxazol-6-yl)-3-(1,5)naphthyridin-4-yl urea",51
C519696,1-(2-phenethyl)-4-(2-pyridyl)piperazine,52
C098186,1-(2-trifluoromethylphenyl)imidazole,53
C092337,1-(2-(tris(4-methoxyphenyl)methoxy)ethyl)-3-piperidinecarboxylic acid,54
C520255,130-nm albumin-bound paclitaxel,55
C509503,"13,17,21-trimethyldocosa-12,16,20-trien-11-one",56
C503102,1-(3-(2-(1-benzothiophen-5-yl) ethoxy) propyl)-3-azetidinol maleate,57
C404207,"1-(3-(4-(3-chlorophenyl)-1-piperazinyl)propyl)-3,4-dihydro-5-methoxy-2(1H)-quinolinone",58
C552420,"1-(3',4',5'-trimethoxyphenyl)-3-(3'',4''-dimethoxy-2'-hydroxyphenyl)propane",59
C474071,"1-(3,4-dichlorophenyl)-3-azabicyclo-(3.1.0)hexane hydrochloride",60
C572065,"1-(3,4-dihydro-6,7-dimethoxy-2(1H)-isoquinolinyl)-3,3-dimethyl-2-((4-pyridinylmethyl)amino)-1-butanone",61
C000603962,"1-(3,4-dihydroxyphenyl)-3-(2-methoxyphenyl)prop-2-en-1-one",62
C528657,"1,3,5,6-tetrahydroxyxanthone",63
C077059,"1,3,7,9-tetramethyluric acid",64
C473336,"1,3-benzenediamidoethanethiol",65
C489138,"1,3-benzothiazol-2-yl(2-((2-(3-pyridinyl)ethyl)amino)-4-pyrimidinyl)acetonitrile",66
C534147,"1-((3-benzyl-3-methyl-2,3-dihydro-1-benzofuran-6-yl)carbonyl)piperidine",67
C524478,"1,3-bis(4-hydroxyphenyl)-4-methyl-5-(4-(2-piperidinylethoxy)phenol)-1H-pyrazole",68
C028491,"1,3-butylene glycol",69
C065734,1-(3-chlorophenyl)biguanide,70
C015068,1-(3-chlorophenyl)piperazine,71
C579534,"1,3-diacetoxytetradeca-6,12-dien-8,10-diyne",72
C038983,"1,3-dimethylthiourea",73
C051360,"1,3-dipropyl-8-cyclopentylxanthine",74
C013362,13-hydroxylupanine-2-pyrrolecarbonic acid,75
C018406,1-(3-trifluoromethylphenyl)piperazine,76
C531961,"1-(4-(1,1-dimethylheptyl)-2,6-dimethoxyphenyl)-3-methylcyclohexanol",77
C569670,"1-(4-((2-(2-aminopyrimidin-5-yl)-7-methyl-4-morpholinothieno(3,2-d)pyrimidin-6-yl)methyl)piperazin-1-yl)-2-hydroxypropan-1-one",78
C452424,1-(4-(2-(bis(4-fluorophenyl)methoxy)ethyl)piperazinyl)-3-phenylpropan-2-ol,79
C517943,"1-(4-(6-bromobenzo(1,3)dioxol-5-yl)-3a,4,5,9b-tetrahydro-3H-cyclopenta(c)quinolin-8-yl)ethanone",80
C531547,1-((4-(aminocarbonyl)pyridinio)trimethylene)-2-((hydroxyimino)methyl)pyridinium,81
C521339,1-(4-(benzothiazol-2-yloxy)benzyl)piperidine-4-carboxylic acid,82
C500851,"14-benzyloxy-4,5-epoxy-3-hydroxy-17-methylmorphinan-6-one",83
C028474,"1,4-bis(2-(3,5-dichloropyridyloxy))benzene",84
C000628733,1-(4-bromobenzoyl)-3-(4-ferrocenylphenyl) urea,85
C524716,1-(4-carbamoylpyridinium)-4-(4-hydroxyiminomethylpyridinium)but-2-ene,86
C420084,1-(4-chlorobenzoyl)-5-methoxy-2-1H-indole-3-acetic acid 3-(nitrooxymethyl)phenyl ester,87
C504151,"1-(4-chlorophenyl)-4-piperidin-1-yl-1,5-dihydroimidazol-2-one",88
C064620,"1,4-cyclohexanediol",89
C048858,14-dehydroxy-3-glucodigitoxigenin,90
C047778,1-(4'-hydroxy-2'-butenoxy)methyl-2-nitroimidazole,91
C059528,14-hydroxydocosahexaenoic acid,92
C481758,1-(4-hydroxyiminomethylpyridinium)-3-(carbamoylpyridinium) propane dibromide,93
C081949,14-methoxymetopon,94
C050133,14-methyl-8-oxacyclorphan,95
C090859,1-((4-methylsulfonyl)phenyl)-3-trifluoromethyl-5-(4-fluorophenyl)pyrazole,96
C035342,"1,4-naphthoquinone",97
C562246,1-(4-nitro-2-(trifluoromethyl)phenyl)-4-(3-(trifluoromethyl)phenyl)piperazine,98
C547349,14-O-methyloxymorphone,99
C074153,"1,4-phenylenebis(methylene)selenocyanate",100
C477941,"1,4-phenylenebis(methylene)selenocyanate, glutathione conjugate",101
C048927,"1,5-anhydrofructose",102
C106444,1-(5-bromofur-2-il)-2-bromo-2-nitroethene,103
C484309,1-((5-chloro-1H-indol-2-yl)carbonyl)-4-methylpiperazine,104
C042148,15-crown-5,105
C097240,"15-deoxy-delta(12,14)-prostaglandin J2",106
C477819,15-deoxyprostaglandin J2,107
C095653,"1,5-dihydroxyisoquinoline",108
C062028,1-(5-hydroxy-5-methylhexyl)-3-methylxanthine,109
D019307,1-(5-Isoquinolinesulfonyl)-2-Methylpiperazine,110
C025170,15(S)-15-methylprostaglandin E1,111
D015064,"16,16-Dimethylprostaglandin E2",112
C054250,"1-(6-(2,4-dichlorophenyl)-3-pyridazinyl)-4-piperidinol",113
C558737,"1-(6-((2-(dimethylamino)ethyl)(methyl)amino)-1,3-dimethyl-1H-pyrazolo(3,4-b)pyridine-5-carbonyl)-3-(3-isopropoxyphenyl)urea",114
C060229,"1-(6-((3-methoxyestra-1,3,5(10)-trien-17-yl)amino)hexyl)-1H-pyrrole-2,5-dione",115
C534047,"1-(6,6-bis(4-fluorophenyl)hexyl)-4-(3,4,5-trimethoxybenzyl)piperazine",116
C480140,"1,6-Bis(4-(4-amino-3-hydroxyphenoxy)phenyl)diamantane",117
C499148,"17,17'-bis(cyclopropylmethyl)-6,6',7,7'-tetrahydro-4,5-4',5'-diepoxy-6,6'-(benzylimino)(7,7'-bimorphinan)-3,3',14,14'-tetrol",118
C523983,"1-(7-(2-chlorophenyl)-8-(4-chlorophenyl)-2-methylpyrazolo(1,5-a)-(1,3,5)triazin-4-yl)-3-ethylaminoazetidine-3-carboxylic acid amide",119
C410803,"17-(5'-isoxazolyl)androsta-4,16-dien-3-one",120
D000077713,17 alpha-Hydroxyprogesterone Caproate,121
C448659,17-(dimethylaminoethylamino)-17-demethoxygeldanamycin,122
C021183,"1,7-dimethylxanthine",123
C524733,"17-ethynyl-5-androstene-3, 7, 17-triol",124
C062894,"17-hydroxy-4,7,10,13,15,19-docosahexaenoic acid",125
C057916,17-hydroxyjolkinolide B,126
C008541,17-monochloroacetylajmaline,127
C122128,"1,7-N-heptylene-bis-9,9'-amino-1,2,3,4-tetrahydroacridine",128
C029185,17-pentylsparteine,129
C092396,17-phenyltrinorprostaglandin E2,130
C521270,"18alpha,20beta-hydroxy-11-oxo-norolean-12-en-3beta-yl-2-O-beta-D-glucopyranurosyl-alpha-D-glucopyranosiduronate magnesium tetrahydrate",131
C119129,18alpha-glycyrrhetinic acid,132
C103345,18-methoxycoronaridine,133
C561691,18(R)-hydroxyeicosapentaenoic acid,134
C495172,(19Z)-halichondramide,135
C047948,1'-acetoxychavicol acetate,136
C057996,1'-acetoxyeugenol,137
C548433,"1-(acetyloxy)-3,5,6,6a,7,8,9,10-octahydro-10-hydroxy-7,8-dimethyl-7-(3-methylpenta-2,4-dien-1-yl)naphtho(1,8a-c)furan-3,5-diyl dibutanoate",138
C023850,"1 alpha,24-dihydroxyvitamin D3",139
C042533,1 alpha-hydroxyergocalciferol,140
C036361,"1-amino-1,3-dicarboxycyclopentane",141
C523415,1-amino-2-phosphonomethylcyclopropanecarboxylic acid,142
C087307,1-amino-5-bromouracil,143
C033020,1-aminobenzotriazole,144
C409063,"1-aminocyclopentane-1,2,4-tricarboxylic acid",145
C108242,"1-aminocyclopentane-1,3,4-tricarboxylic acid",146
C095756,"1-aminoindan-1,5-dicarboxylic acid",147
C036423,1-aminomethylphosphonic acid,148
C404200,1-(benzofuran-2-yl)-2-propylaminopentane,149
C017062,1-benzylimidazole,150
C006737,1-benzylpiperazine,151
C495109,"1-(beta-naphthylmethyl)-6,7-dihydroxy-1,2,3,4-tetra-hydroisoquinoline",152
D020001,1-Butanol,153
C115293,"1-(carboxymethyl)-3,5-diphenyl-2-methylbenzene",154
C000591541,"1-cyclopropyl-4-(4-((5-methyl-3-(3-(4-(trifluoromethoxy)phenyl)-1,2,4-oxadiazol-5-yl)-1H-pyrazol-1-yl)methyl)pyridin-2-yl)piperazine",155
D017485,1-Deoxynojirimycin,156
C559381,((1-ethylpyrrolidin-2-yl) methyl)-4-hydroxy-7-methoxy-quinoline-3-carboxamide,157
C095284,"1H-(1,2,4)oxadiazolo(4,3-a)quinoxalin-1-one",158
C051942,1-hexacosanol,159
C087551,"1H-Indene-2-carboxylic acid, 1-(1,3-benzodioxol-5-yl)-3-(2- (carboxymethoxy)-4-methoxyphenyl)-2,3-dihydro-5-propoxy-, (1S,2R,3S)-",160
C001369,1-hydroxy-3-amino-2-pyrrolidone,161
C000599362,1-hydroxyalantolactone,162
C121954,1-(isopropylamino)-3-((4-propenyl-2-methoxy)phenoxy)-2-propanol,163
C477931,1L-6-hydroxymethyl-chiro-inositol 2(R)-2-O-methyl-3-O-octadecylcarbonate,164
C521406,1-(methanesulfonamido-1-naphthyloxy)-2-(N-(4-methane sulfonamidophenethyl)-N-acetamido)ethane,165
C050386,"1-methyl-1,2,3,4-tetrahydroisoquinoline",166
D015056,1-Methyl-3-isobutylxanthine,167
D015632,"1-Methyl-4-phenyl-1,2,3,6-tetrahydropyridine",168
C018509,1-methylergotamine,169
C412893,1-methylpropyl-2-imidazolyl disulfide,170
C073193,1-methylspermidine,171
C003498,"1'-methylspiro(adamantane-2,3'-pyrrolidine)maleate",172
C525396,1-methyltryptophan,173
C067506,1-naphthylacetylspermine,174
C081906,"1-O-hexyl-2,3,5-trimethylhydroquinone",175
C495479,1-oxo-1-(5-(2-pyridyl)-2-yl)-7-phenylheptane,176
C037320,1-phenylcyclohexylamine,177
C509276,"1-propyl-2,3,4,4a,5,7,8,9,10,10a-decahydro-1H-benzo(g)quinolin-6-one",178
C097396,1-(quinoxalin-6-ylcarbonyl)piperidine,179
C021279,"(1R-(exo,exo))-3-(4-fluorophenyl)-8-methyl-8- azabicyclo(3.2.1)octane-2-carboxylic acid, methyl ester",180
C515164,"((1S)-1-((((1S)-1-benzyl-3-cyclopropylamino-2,3-di-oxopropyl)amino)carbonyl)-3-methylbutyl)carbamic acid 5-methoxy-3-oxapentyl ester",181
C499293,"(1'S, 2S)-4-amino-N-(1'-carbamoyl-2'-phenylethyl)-2-(4''-methyl-1''-naphthalenesulfonylamino)butanamide",182
D015059,1-Sarcosine-8-Isoleucine Angiotensin II,183
C581572,1-trifluoromethoxyphenyl-3-(1-propionylpiperidine-4-yl)urea,184
C031903,1-UFT protocol,185
D000090983,2019-nCoV Vaccine mRNA-1273,186
C466795,"20,21-epoxyresibufogenin-3-formate",187
C022915,20682-S,188
D004092,20-alpha-Dihydroprogesterone,189
C070066,"2-(1',2',3',4'-tetrahydroxybutyl)thiazolidine-4-carboxylic acid",190
C552888,"2-(1,3-dimethyl-2,6-dioxo-1,2,3,6-tetrahydro-7H-purin-7-yl)-N-(4-isopropylphenyl)acetamide",191
C532162,"2-(1H-indazol-4-yl)-6-(4-methanesulfonylpiperazin-1-ylmethyl)-4-morpholin-4-ylthieno(3,2-d)pyrimidine",192
C548651,2-(1'H-indole-3'-carbonyl)thiazole-4-carboxylic acid methyl ester,193
C574037,"2-(1-hydroxy-4-oxocyclohexa-2,5-dienyl)pyran-4-one",194
C511222,2-(1-hydroxypentyl)-benzoate,195
C475637,"2-(2-(1-benzylpiperidin-4-yl)ethyl)-2,3-dihydro-9-methoxy-1H-pyrrolo(3,4-b)quinolin-1-one hemifumarate",196
C484885,"(2-(2,2-dimethylpropionyloxy)ethyl)trimethylammonium",197
C116673,"2,2,3,3-tetramethylcyclopropane carboxamide",198
C093344,"2-(2-(3-(4-chloro-3-(trifluoromethyl)phenyl)ureido)-4-(trifluoromethyl)phenoxy)-4,5-dichlorobenzenesulfonic acid",199
C082313,"2-(2,3-dicarboxycyclopropyl)glycine",200
C520404,"(2-(2',3'-dihydrobenzo(1,4)dioxin-6'-yl)-2-hydroxy-1-pyrrolidin-1-ylmethylethyl)nonanoic acid amide",201
C101670,2-(2-(4-(4-nitrobenzyloxy)phenyl)ethyl)isothiourea methanesulfonate,202
C057548,"2-(2,4-dimethylphenyl)indan-1,3-dione",203
C587539,"2-(2,5-difluorophenyl)-5-(2-(methylsulfonyl)-2,6-dihydropyrrolo(3,4-c)pyrazol-5(4H)-yl)tetrahydro-2H-pyran-3-amine",204
C501946,"2,2,6,6-tetramethylpiperidin-4-yl heptanoate",205
C010654,"(2-(2',6'-dimethoxy)phenoxyethylamino)methylbenzo-1,4-dioxane",206
C001079,"2-(2,6-dioxopiperidin-3-yl)phthalimidine",207
C093973,2-(2-amino-3-methoxyphenyl)-4H-1-benzopyran-4-one,208
C029345,2-(2-aminoethyl)thiazole,209
C103723,2-(2-benzofuranyl)-2-imidazoline,210
C120227,"2-(2-chloro-4-iodophenylamino)-N-cyclopropylmethoxy-3,4-difluorobenzamide",211
C044565,2-((((2-chloroethyl)nitrosoamino)carbonyl)amino)propanamide,212
C554850,"2-(2-chlorophenyl)-4-methyl-5-(pyridin-2-ylmethyl)-1H-pyrazolo(4,3-c)pyridine-3,6(2H,5H)-dione",213
C546571,"2,2'-cyclohexane-1,2-diylbis(azanediyl)bis(methylene)diphenoldichloroplatinum(II)",214
C094207,2-(2'-cyclopentyl-2'-phenyl-2'-hydroxyethoxy)tropane,215
C116893,"2,2-dichloro-12-(p-chlorophenyl)-dodecanoic acid",216
C443758,2-(2''-dichloroacetamidobenzyl)-3-(3'-indolylquinoline),217
C521335,"2-(2'-(dimethylamino)ethyl)-1,2-dihydro-7-ethoxydibenz(de,h)isoquinoline-1,3-dione",218
C027032,"2,2'-dithiodiethanesulfonic acid",219
C560790,2-(2-fluorobenzamido)benzoate ethyl ester,220
C539997,"2-(2-furanyl)-7-(2-(4-(4-(2-methoxyethoxy)phenyl)-1-piperazinyl)ethyl)-7H-pyrazolo(4,3-e)(1,2,4)triazolo(1,5-c)pyrimidine-5-amine",221
C446520,"2-(2-hydroxyethylsulfanyl)-3-methyl-1,4-naphthoquinone",222
C094210,"2,2'-(hydroxynitrosohydrazono)bis-ethanamine",223
C110190,"2,2-phenyl-3,3a-dihydro-4-oxo-5-(4-phenylpiperazin-1-yl)methylpyrazolo(1,5-d)(1,2,4)triazine",224
C505456,2-((2-piperidin-1-ylethyl)thio)quinazolin-4(3H)-one,225
C514145,"(22R, 25R)-20alpha-spirost-5-en-3beta-yl hexanoate",226
C487113,"2-((3-(1,3-benzodioxol-5-yl)-3-(((6-methoxy-2-naphthyl)sulfonyl)amino)propanoyl)amino)-3-(4-((2,6-dimethylpiperidinyl)methyl)phenyl)-N-isopropyl-N-methylpropanamide",227
D015647,"2,3,4,5-Tetrahydro-7,8-dihydroxy-1-phenyl-1H-3-benzazepine",228
C560273,"2-(3',4'-dihydroxyphenyl)-5,7-dihydroxy-3-(2'',6''-di-O-(3'''-(4-fluorophenylpropanoyl)))galactosyl-4H-chromen-4-one",229
C539142,"2-(3,4-dimethoxybenzyl)-7-(1-(1-hydroxyethyl)-4-phenylbutyl)-5-methylimidazo(5,1-f)(1,2,4)triazin-4 (3H)-one",230
C093026,"2,3,5,4'-tetrahydroxystilbene 2-O-glucopyranoside",231
C036837,"2,3,5-trimethyl-6-(12-hydroxy-5,10-dodecadiynyl)-1,4-benzoquinone",232
C558395,"2-(3-benzoyl)-4-hydroxy-1,1-dioxo-2H-1,2-benzothiazine-2-yl-1-phenylethanone",233
C029498,"2,3-bis(3'-hydroxybenzyl)butane-1,4-diol",234
C029497,"2,3-bis(3'-hydroxybenzyl)butyrolactone",235
C486182,"2,3-bis(4-hydroxyphenyl)-propionitrile",236
C017199,"2',3'-dialdehyde ATP",237
C054312,"2,3-diaminophenazine",238
C485382,"2',3'-dideoxy-5-fluoro-3'-thiacytidine triphosphate",239
C037406,"2',3'-dideoxycytidine 5'-triphosphate",240
C009135,"2,3-dihydroxybenzoic acid",241
C001042,"2',3-dimethyl-4-aminobiphenyl",242
C062865,"2,3-dioxo-6-nitro-7-sulfamoylbenzo(f)quinoxaline",243
C511643,23-hydroxytormentic acid,244
C474576,2-(3-mercaptopropyl)pentanedioic acid,245
C045674,"2',3'-O-(2,4,6-trinitro-cyclohexadienylidine)adenosine 5'-triphosphate",246
C009587,"2',3'-O-(2,4,6-trinitrophenyl)adenosine 5'-triphosphate",247
C092716,2-(3-trifluoromethylphenyl)histamine,248
C545121,2-((4-(1-methyl-4-pyridin-4-yl-1H-pyrazol-3-yl)phenoxy)methyl)quinoline,249
C449119,"2-(4-(2-(((1,2)-2-hydroxy-2-(4-hydroxyphenyl)-1-methylethyl)amino)ethyl)phenoxy)-2-methylpropionic acid",250
C517140,"2-(4-(2-(3,4-dichlorophenyl)ethyl)phenylamino)benzoic acid",251
D015650,"24,25-Dihydroxyvitamin D 3",252
C061282,2-(4-(2-carboxyethyl)phenethylamino)-5'-N-ethylcarboxamidoadenosine,253
C440850,"2,4,3',5'-tetramethoxystilbene",254
C477900,"2-(4-(4-chlorophenyl)piperazin-1-ylmethyl)pyrazolo(1,5-a)-pyridine",255
C014024,"2,4,5,2',4',5'-hexachlorobiphenyl",256
C107067,"2,4,6-trihydroxyacetophenone",257
C054589,"2,4,6-triphenyl-1,3-dioxane",258
C104564,2-(4-acetoxyphenyl)-2-chloro-N-methylethylamine,259
C525921,"2-(4-(biphenyl-4-sulfonyl)-piperazin-1-yl)-6,7-dipropoxyquinazolin-4-yl-amine",260
C548544,"2-(4-chloro-6-(2,3-dimethylphenylamino)pyrimidin-2-ylthio)octanoic acid",261
C553486,"2-(4-cyclopropylphenyl)-N-(1-(5-((2,2,2-trifluoroethyl)oxo)pyridin-2-yl)ethyl)acetamide",262
C000612000,24-diamino-5-phenylthiazole,263
C005959,"2,4-diaminobutyric acid",264
D015084,"2,4-Dichlorophenoxyacetic Acid",265
C501649,"2',4'-dihydroxy-6'-methoxy-3',5'-dimethylchalcone",266
C585912,"2,4-dihydroxy-N-(4-hydroxyphenyl)benzamide",267
C568959,"2-(4-((dimethylamino)carbonyl)-3-fluorophenyl)-alpha,alpha-dimethyl-N-1,3,4-thiadiazol-2-yl-5H-(1)benzopyrano(2,3-b)pyridin-5-acetamide",268
C543150,"2-(4-((dimethylamino)methyl)benzylidene)-5,6-dimethoxy-2,3-dihydroinden-1-one",269
D019297,"2,4-Dinitrophenol",270
C000590645,"2,4-dinitrophenol methyl ether",271
C063918,"2-(4-hydroxy-3,5-dimethylphenyl)-5-methoxy-3-methylindole",272
C439584,2-(4-hydroxyphenyl)-3-methyl-1-(4-(2-piperidin-1-yl-ethoxy)-benzyl)-1H-indol-5-ol,273
C559491,2-(4-isobutylphenyl)propionic acid 4-(diethoxyphosphoryloxy)butyl ester,274
C000592767,"2-(4'-methoxybenzenesulfonyl)-2,3,4,9-tetrahydro-1H-pyrido(3,4-b)indole-3-carboxylic acid amide",275
C000589286,2-(4-methoxyphenyl)ethyl-2-acetamido-2-deoxyglucopyranoside,276
C405143,24-methylenecycloartenol,277
C071738,2-(4-morpholino)ethyl-1-phenylcyclohexane-1-carboxylate,278
C085911,2-(4-morpholinyl)-8-phenyl-4H-1-benzopyran-4-one,279
C081331,24-norursodeoxycholic acid,280
C079315,2-(4-(quinolin-2-yl-methoxy)phenyl)-2-cyclopentylacetic acid,281
C477861,"(2-(5-amino-2-(4-fluorophenyl)-1,6-dihydro-6-oxo-1-pyrimidinyl)-N-(1-((5-methoxycarbonyl-2-benzoxazolyl)carbonyl)-2-phenylethyl)acetamide)",282
C552046,"2,5-bis(2-(2-propoxy)-4-(2-pyridylimino)aminophenyl)furan",283
C555559,"2,5-di-(2-phenethyl)pyrrolidine",284
C021008,"2',5'-dideoxyadenosine",285
C572639,"2,5-dihydroxy-1,4-dithiane-2,5-dicarboxylic acid",286
C010925,"2,5-dihydroxybenzoic acid",287
C003943,"2,5-dimethoxy-4-bromoamphetamine",288
C020617,"2,5-dimethyl-4-benzoquinone",289
C506698,"2,5-dimethylcelecoxib",290
C011269,"2,5-hexanedione",291
C007997,25-hydroxycholesterol,292
C529607,25-hydroxyprotopanaxadiol,293
C104450,25-hydroxyvitamin D,294
C023505,"2',5'-oligoadenylate",295
C570401,"2-(6-((3,4-dihydro-2H-chromen-2-ylmethyl)amino)hexyl)tetrahydro-1H-pyrrolo(1,2-c)imidazole-1,3(2H)-dione",296
C469683,"2-(6-((3-(4-(diphenylmethoxy)piperidino)propyl)amino)imidazo(1,2-b)pyridazin-2-yl)-2-methylpropionic acid",297
D015086,"2,6-Dichloroindophenol",298
C556138,"2,6-diisopropyl-4-(1-hydroxy-2,2,2-trifluoroethyl)phenol",299
C438607,"2,6-di-tert-butyl-4-(3-hydroxy-2,2-dimethylpropyl)phenol",300
C070898,"2,6-dithiopurine",301
C477642,"2-(7-(3,4-dimethoxyphenyl)imidazo(1,2-c)pyrimidin-5-ylamino)nicotinamide",302
C107690,"2,7,8-trimethyl-2-(beta-carboxyethyl)-6-hydroxychroman",303
C549913,"2-((8-chlorodibenzo(b,f)thiepin-10-yl)oxy)-N-methylethan-1-amine",304
C062897,28-deoxonimbolide,305
C522027,"(2,8-dioxabicyclo(3.3.0)oct-6-yl)-N-(4-((3,4-methylenedioxyphenyl)sulfonyl-(2-methylpropyl)amino)-3-hydroxy-1-phenylbutan-2-yl) carbamate",306
C000597780,28-O-caffeoyl betulin,307
C507130,2-(8-quinolinoxy)propionic acid,308
C023704,2-acetamidoethanethiol,309
C575483,2-acetoxy-5-(2-4-(trifluoromethyl)phenethylamino)benzoic acid,310
C104935,2-(allylthio)pyrazine,311
C061610,"2-amino-1,9-dihydro-9-(3-hydroxy-4-(hydroxymethyl)cyclopentyl)-6H-purine-6-one",312
C089836,2-amino-2-methyl-4-phosphonobutyrate,313
C036990,"2-amino-3,8-dimethylimidazo(4,5-f)quinoxaline",314
C581356,"2-amino-4-(3,4-(methylenedioxy)benzylamino)-6-(3-methoxyphenyl)pyrimidine",315
C114614,2-amino-4-methylenecyclopentane-1-carboxylic acid,316
C012729,2-amino-4-phosphonobutyric acid,317
C015672,2-amino-4-picoline,318
C093124,"2-amino-5,6-dihydro-6-methyl-4H-1,3-thiazine",319
C077642,"2-amino-5-phosphonomethyl(1,1'-biphenyl)-3-propanoic acid",320
C461207,"2-amino-6-(4-methoxyphenylthio)-9-(2-(phosphonomethoxy)ethyl)purine bis(2,2,2-trifluoroethyl) ester",321
C570662,"2-amino-8-(4-(2-hydroxyethoxy)cyclohexyl)-6-(6-methoxypyridin-3-yl)-4-methylpyrido(2,3-d)pyrimidin-7(8H)-one",322
C538758,2-aminoethyl diphenylborinate,323
C027667,2-aminophenol,324
D015075,2-Aminopurine,325
C484327,2'-benzoyloxycinnamaldehyde,326
C553968,"2-benzylidene-4-phenyl-1,3-diselenole",327
C570406,2-chloro-4'-methoxychalcone,328
C457499,2-chloro-5-nitrobenzanilide,329
D015762,2-Chloroadenosine,330
C090034,2-chloro-N(6)-(3-iodobenzyl)adenosine-5'-N-methyluronamide,331
C058394,2-chloro-N(6)cyclopentyladenosine,332
C116817,"2-cyano-3,12-dioxoolean-1,9-dien-28-oic acid",333
C518860,"2-cyano-3,12-dioxooleana-1,9(11)-dien-28-oic acid ethyl amide",334
C530803,"2-cyano-3,12-dioxooleana-1,9(11)-dien-28-oic acid methyl amide",335
C568680,"(2-cyano-3,12-dioxooleana-1,9-dien-28-oic acid) trifluoroethylamide",336
C115284,2-cyano-3-hydroxy-N-(4-(trifluoromethyl)phenyl)-2-hepten-6-ynamide,337
C504520,2'-deoxy-2'-fluoro-2'-C-methylcytidine,338
C120719,2'-deoxy-3'-oxa-thiocytidine,339
C058706,2-desamino-2-methylaminopterin,340
C004817,2-diethylaminoethyl diallylphenylacetate,341
C492322,"2-dimethylamino-4,5,6,7-tetrabromo-1H-benzimidazole",342
C000595230,"2-((dimethylamino)methyl)-9-hydroxythieno(2,3-c)isoquinolin-5(4H)-one",343
C487689,"(2E,4E,6E,10E)-3,7,11,15-tetramethyl-2,4,6,10,14-hexadecapentaenoic acid",344
C518368,"(2E)-N,N-dibutyl-3-(4-hydroxy-3-methoxyphenyl)acrylamide",345
C514869,2-ethoxy-3-(4-(2-(4-trifluoromethanesulfonyloxyphenyl)ethoxy)phenyl)propionic acid,346
C532422,2-ethoxyestradiol,347
C001886,"2-ethyl-8-methyl-2,8-diazaspiro(4,5)decane-1,3-dione",348
C483692,2-ethylestradiol sulfamate,349
C475284,2-ethyloestradiol-bis-sulfamate,350
C518913,"2-fluoro-2-phenyl-1,3-propanediyl dicarbamate",351
C013996,2-formylpyridine thiosemicarbazone,352
C492656,"2-furan-2-yl-7-3-(4-(4-(4-methylpiperazine-1-sulfonyl)phenylethyl)-7H-pyrazolo(4,3-e)(1,2,4)triazolo-(1,5-c)pyrimdin-5-ylamine)",353
C060089,2-furoic acid,354
C087939,2''-galloylhyperin,355
C051750,2-hexenal,356
C120275,2-hydroxy-1-naphthylaldehyde isonicotinoyl hydrazone,357
C519903,"2-hydroxy-5-(2,3,5,6-tetrafluoro-4-trifluoromethyl-benzylamino)benzoic acid",358
C001390,2-hydroxyestradiol,359
C559867,"2-(hydroxyimino)-N,N-dimethyl-N'-propylacetimidamide",360
C056510,2-hydroxylamine-5-ethyl-5-sec-pentylbarbituric acid,361
C058539,2-hydroxylamino-5-ethyl-5-propylbarbituric acid,362
D000073738,2-Hydroxypropyl-beta-cyclodextrin,363
C057491,2-hydroxysaclofen,364
C065952,2-iodohexadecanal,365
C014632,2-keto-4-methylthiobutyric acid,366
C096118,"2-methoxy-1,4-naphthoquinone",367
C526437,"2-methoxy-3-O-sulfamoyl-17-cyanomethylestra-1,3,5(10)-triene",368
C072790,2-methoxy-4-amino-5-chlorobenzoic acid 2-(diethylamino)ethyl ester,369
D000077584,2-Methoxyestradiol,370
C500344,"2-methoxyestradiol-3,17-bis-O,O-sulfamate",371
C526438,"2-methoxyestradiol-3,17-O,O-bis(sulfamate)",372
C058525,2-methoxyidazoxan,373
C530263,"2-methoxyoestra-1,3,5(10),16-tetraene-3-carboxamide",374
C116441,"2-methyl-1,25-dihydroxyvitamin D3",375
C511621,2-methyl-2H-pyrazole-3-carboxylic acid (2-methyl-4-o-tolylazophenyl)amide,376
C433771,2-methyl-3-(2-((4-nitrooxybutyloxy)carbonyl)vinyl)phenyl ursodeoxycholic acid ester,377
C031517,2-methyl-3-(4-(3-pyridinylmethyl)phenyl)-2-propenoic acid,378
C471210,"2-methyl-4-(N-propyl-N-cycloproanemethylamino)-5-chloro-6-(2,4,6-trichloranilino)pyrimidine",379
C092625,2-methylamino-3-phosphonopropionic acid,380
C443759,2-methylarachidonyl-2'-fluoroethylamide,381
C487401,"2-methyl-c-5-(4-(5-methyl-2-(4-methylphenyl)-4-oxazolyl)butyl)-1,3-dioxane-r-2-carboxylic acid",382
C521167,2-methylene-19-nor-(20S)-1 alpha-hydroxy-bishomopregnacalciferol,383
C021714,2-methylthioadenosine,384
C495818,2-morpholin-4-yl-6-thianthren-1-yl-pyran-4-one,385
C479235,2-(morpholin-4-yl)benzo(h)chromen-4-one,386
C055734,2-naphthoylethyltrimethylammonium,387
C075499,2-N-carboxamidinonormianserin,388
C071194,2-n-propyl-4-pentynoic acid,389
C543853,2''-O-acetyl-polygalacin D2,390
C022960,2-oxindole,391
C029536,2-oxothiazolidine-4-carboxylic acid,392
C110139,"2-phenyl-3,3a-dihydro-4-oxo-5-(4-(4-fluorophenyl)piperazin-1-yl)methylpyrazolo(1,5-d)(1,2,4)trazine",393
C502971,2-phenyl-4-(3-pyridin-2-yl-1H-pyrazol-4-yl)pyridine,394
C026708,2-phenylaminoadenosine,395
C033830,"2-phenylpyrazolo(4,3-c)quinolin-3(5H)-one",396
C541577,2-phenylquinoline,397
C402107,2-(phosphonomethyl)pentanedioic acid,398
D019840,2-Propanol,399
C014168,2-propyl-2-pentenoic acid,400
C045022,2-propyl-4-pentenoic acid,401
C584017,2-pyrone,402
C086910,(2S)-2-(4-(((3S)-1-acetimidoyl-3-pyrrolidinyl)oxy)phenyl)-3-(7-amidino-2-naphtyl)propanoic acid,403
C099414,"(2S,3S)-2-phenyl-3-((5-trifluoromethoxy-2-methoxy)benzylamino)piperidine",404
C513370,(2-tert-butoxy-1-(2-cyclohexyl-1-(1-formyl-2-(2-oxopyrrolidin-3-yl)ethylcarbamoyl)ethylcarbamoyl)propyl)carbamic acid benzyl ester,405
C054527,2-tert-butyl-4-methylphenol,406
C051290,2-tert-butyl-4-quinone,407
C018855,2-tert-butylhydroquinone,408
C529548,"2-thio(3-iodobenzyl)-5-(1-pyridyl)-(1,3,4)oxadiazole",409
C550746,2-thiophene carboxylic acid,410
C500323,"3-(1,1-dimethyl-heptyl)-1-9-dihydroxy-benzo(c)chromen-6-one",411
C500321,"3-(1,1-dimethyl-heptyl)-1-hydroxy-9-methoxy-benzo(c)chromen-6-one",412
C505014,"3-(1-adamantyl)-6,7,8,9-tetrahydro-5H-(1,2,4)triazolo(4,3-a)azepine",413
C000603971,3-(1-azepanylsulfonyl)-N-(3-bromphenyl)benzamide,414
C515661,"3-(2-(2,2-dimethylpropylsulfanyl)pyridin-3-yl)-N-(3-hydroxycyclohexyl)acrylamide",415
C050147,"3-(2,2,2-trimethylhydrazine)propionate",416
C556168,3-(2-(3-(1-adamantyl)-4-hydroxyphenyl)-5-pyrimidinyl)-2-propenoic acid,417
C530485,"3-(2,3,5-trichlorophenyl)pyrazine-2,6-diamine",418
C118956,3-(2-(3-guanidino-2-methyl-3-oxo-propenyl)-5-methylphenyl)-N-isopropylidene-2-methyl-acrylamide dihydrochloride,419
C109602,"3-(2-(4-(3-chloro-2-methylphenyl)1-piperazinyl)ethyl)5,6-dimethoxy-1-(4-imidazolylmethyl)-1H-indazol dihydrochloride 3.5 hydrate",420
C014258,"3-(2',4',5'-triethoxybenzoyl)propionic acid",421
C470768,3-(2-(4-chlorophenylsulfanyl)phenyl)-N-(4-dimethylaminobutyl)acrylamide,422
C539252,"3-(2,4-diamino-6-(3-hydroxyphenyl)pteridin-7-yl)phenol",423
C549041,"3-(2,4-dichloro-5-methoxyphenyl)-2-sulfanyl-4(3H)-quinazolinone",424
C489151,3-((2-benzyl-6-(3-hydroxy-4-methoxypyrrolidin-1-yl)pyridin-3-yl)ethynyl)quinuclidin-3-ol,425
C489152,3-((2-benzyl-6-(3-methoxypropyloxy)pyridin-3-yl)ethynyl)quinuclidin-3-ol,426
C050592,3-(2-carboxypiperazin-4-yl)propyl-1-phosphonic acid,427
C560905,"3-(2-(dimethylamino)isopropoxy)-1-hydroxybenzo(b)naphtho(2,3-d)furan-6,11-dione",428
C097869,"3-(2-ethylphenoxy)-1-(1,2,3,4-tetrahydronaphth-1-ylamino)-2-propanol oxalate",429
C054649,"3-(2-hydroxy-4-(1,1-dimethylheptyl)phenyl)-4-(3-hydroxypropyl)cyclohexanol",430
C080755,3-(2-methoxybenzylamino)-2-phenylpiperidine,431
C541428,"3-((2-methyl-1,3-thiazol-4-yl)ethynyl)piperidine",432
C472365,"3-((2-methyl-1,3-thiazol-4-yl)ethynyl)pyridine",433
C000626905,3-(2-nitro-1-phenylethyl)-2-phenyl-1H-indole,434
C412012,"3-(3,3-dimethyl-1-triazenyl)-5-methyl-4,5-dihydroisoxazole",435
C548139,"3,3',4',5,7-pentamethylquercetin",436
C041525,"3,3',4,5'-tetrahydroxystilbene",437
C546706,"3-(3,4,5-trimethoxybenzylidene)-5-carboethoxyindolin-2-one",438
C102563,"3-(3,4-difluorophenyl)-4-(4-(methylsulfonyl)phenyl)-2(5H)-furanone",439
C065784,"3-(3,4-dimethoxyphenyl)propenoic acid",440
C551466,"3,3',5,5'-tetrahydroxystilbene",441
C103788,"3-((3,5-bis(trifluoromethyl)phenyl)methyloxy)-2-phenylpiperidine",442
C417520,"3-(3-chloro-4-hydroxyphenylamino)-4-(4-nitrophenyl)-1H-pyrrole-2,5-dione",443
C464538,"(3,3-dibenzylimidazo(1,2-a)pyridin-2-(3H)-one)",444
C586245,"3,3-dibromoflavanone",445
C049002,"3,3-difluorochlorambucil",446
C016392,"3,3'-diindolylmethane",447
C103477,3-(3-(dimethylamino)propyl)-4-hydroxy-N-(4-(4-pyridinyl)phenyl)benzamide,448
C007469,"3,3-dimethylbutan-1-ol",449
C530684,"3,3-dimethylbutanoylurea",450
C527590,3-(3-pyridinyl)-1-(4-pyridinyl)-2-propen-1-one,451
C482900,3-((3-trifluoromethyl)phenyl)-5-((3-carboxyphenyl)methylene)-2-thioxo-4-thiazolidinone,452
C056156,"3,4,2',4'-tetrahydroxy-2-geranyldihydrochalcone",453
C028451,"3,4,3',4'-tetrachlorobiphenyl",454
C477898,3-(4-(4-((1-(2-chlorophenyl)ethoxy)carbonyl amino)-3-methyl-5-isoxazolyl) benzylsulfanyl) propanoic acid,455
C062458,"3,4,4a,10b-tetrahydro-4-propyl-2H,5H-(1)benzopyrano(4,3-b)-1,4-oxazin-9-ol",456
C104750,3-(4-(4-chlorophenyl-4-hydroxypiperidino)methyl)indole,457
C099630,"3-((4-(4-chlorophenyl)piperazin-1-yl)methyl)-1H-pyrrolo(2,3-b)pyridine",458
C482492,"3,4,5,4'-tetramethoxystilbene",459
C074761,"3,4,5-trihydroxybenzamidoxime",460
C000594958,"3,4,5-trihydroxy-N-(4-(thiazol-2-ylsulfamoyl)-phenyl)-benzamide",461
C497286,"3,4',5-trimethoxystilbene",462
C500584,"3,4,5-tri-O-(E)-caffeoylquinic acid",463
C061995,"3,4,5-tri-O-galloylquinic acid",464
C423582,"3-(4-Amino-5-cyclopropylpyrimidine-2-yl)-1-(2-fluorobenzyl)-1H-pyrazolo(3,4-b)pyridine",465
C547321,3-(4-(benzo(d)thiazol-2-yl)-1-phenyl-1H-pyrazol-3-yl)phenyl acetate,466
C513485,"(3-(4-(bis(2-chloroethyl)amino)phenyl)-3-propyl)carbamic acid 2-(6-(17-hydroxy-13-methyl-3-oxo-2,3,6,7,8,11,12,13,14,15,16,17-dodecahydro-1H-cyclopenta(a)phenanthren-11-yl)hexylamino)ethyl ester",467
C528740,"3-(4-bromophenyl)-2-(ethylsulfonyl)-6-methylquinoxaline-1,4-dioxide",468
C524256,"3-(4-chloro-3-nitrolphenyl)-1,2,3-oxadiazolium-5-olate",469
C546412,3-((4-chlorobenzyl)oxy)-N-((1S)-1-phenylethyl)-2-thiophenecarboxamide,470
C095429,3-(4'-chlorophenyl)-2-(3'-phenylisoxazol-5'-yl)tropane,471
C548780,3-(4-chlorophenyl)-adamantane-1-carboxylic acid (pyridin-4-ylmethyl)amide,472
C000628457,3-(4-chlorophenylselanyl)-1-methyl-1H-indole,473
C110733,"3,4-dicarboxyphenylglycine",474
D019900,"3,4-Dichloro-N-methyl-N-(2-(1-pyrrolidinyl)-cyclohexyl)-benzeneacetamide, (trans)-Isomer",475
C023608,"3,4-dihydropapaverine",476
C000625749,"3,4-dihydrovernoniyne-4-O-beta-glucoside",477
C520290,"3,4-dihydroxybenzoate",478
C035419,"3,4-dihydroxybenzohydroxamic acid",479
C028288,"3',4'-dihydroxyflavone",480
C005975,"3,4-dihydroxyphenylethanol",481
C035055,"3,4-dihydroxyphenyllactic acid",482
C000995,"3,4-dihydroxyphenylpropionic acid",483
C509288,"3',4'-dimethoxyflavone",484
C549541,"3-(4-dimethylaminobenzylidene)-1,3-dihydroindol-2-one",485
C441602,"3-(4-dimethylamino-naphthalen-1-ylmethylene)-1,3-dihydro-indol-2-one",486
C069833,"3,4-di-O-galloylquinic acid",487
C462499,"3-(4-hydroxyphenyl)-4,5-dihydro-5-isoxazoleacetic acid methyl ester",488
C466797,3-(4-methoxy)phenyl-4-((4-(2-(1-piperidinyl)ethoxy)phenyl)methyl)-2H-1-benzopyran-7-ol,489
C434003,3-(4-methylphenylsulfonyl)-2-propenenitrile,490
C501048,3-(4-methylsulfonylphenyl)-4-phenyl-5-trifluoromethylisoxazole,491
C500530,"3-(4-t-butylphenyl)-N-(2,3-dihydrobenzo(b)(1,4)dioxin-6-yl)acrylamide",492
C549133,"3-(5-(-1-acetyl-2,3-dihydro-1H-indol-2-ylmethoxy)-3-tert-butylsulfanyl-1-(4-(5-methoxypyrimidin-2-yl)-benzyl)-1H-indol-2-yl)-2,2-dimethyl-propionic acid",493
C561058,"3-(5-(2-(1H-tetrazol-5-yl)phenyl)-2,3-dihydro-1H-inden-1-yl)-2-ethyl-5-isobutyl-7-methyl-3H-imidazo(4,5-b)pyridine",494
C523668,"3-(5-(2,3-dichlorophenyl)-1H-tetrazol-1-yl)methylpyridine",495
C556460,"3,5,2',4'-tetrahydroxychalcone",496
C473468,"3,5,3',4',5'-pentahydroxy-stilbene",497
C494914,"3,5,3',4',5'-pentamethoxystilbene",498
C568912,"3-(5-(4-(cyclopentyloxy)-2-hydroxybenzoyl)-2-((3-hydroxy-1,2-benzisoxazol-6-yl)methoxy)phenyl)propionic acid",499
C050224,"3,5,5-trimethylhexanoylferrocene",500
C524042,"3,5-bis(2-fluorobenzylidene)piperidin-4-one",501
C004763,"3',5'-dichloromethotrexate",502
C062323,"3,5-di-tert-butyl-4-hydroxybenzoic acid",503
C579558,3-(5-tert-butylisoxazol-3-yl)-2-((3-chlorophenyl)hydrazono)-3-oxopropionitrile,504
C000590771,3-((6-(2-methoxyphenyl)pyrimidin-4-yl)amino)phenyl)methane sulfonamide,505
C513118,"3,6-dihydroxy-7-fluorocholanoic acid",506
C077594,"3,6-dimethylaminodibenzopyridonium edetate",507
C546986,"3,6'-disinapoylsucrose",508
C478626,"3-(6-methoxypyridin-3-yl)-3-(2-oxo-3-(3-(5,6,7,8-tetrahydro(1,8)naphthyridin-2-yl)propyl)imidazolidin-1-yl)propionic acid",509
C034534,"3,7,11,15-tetramethyl-2,4,6,10,14-hexadecapentaenoic acid",510
C509502,"3,7,11-trimethyldodeca-2,6,10-trienoic acid hexadecylamide",511
C057837,"3,7-dimethyl-1-propargylxanthine",512
C063573,"3,7-dimethyloctan-1-ol",513
C562242,3-(7-trifluoromethyl-5-(2-trifluoromethylphenyl)-1H-benzimidazol-2-yl)-1-oxa-2-azaspiro(4.5)dec-2-ene,514
C026423,"3,8-dihydroxy-6H-dibenzo(b,d)pyran-6-one",515
C106592,"3,9-bis((ethylthio)methyl)-K-252a",516
C576701,3-acetyl-5-methyltetronic acid,517
C112036,3-amino-2-(S)-hydroxypropyl-methyl-phosphinic acid,518
C025160,3-aminobenzamide,519
C086109,3-aminopropyl-cyclohexylmethylphosphinic acid,520
C068457,3-aminopropyl(methyl)phosphinic acid,521
C079148,(3-aminopropyl)(n-butyl)phosphinic acid,522
C078157,3-aminopyridine-2-carboxaldehyde thiosemicarbazone,523
C006261,3-beta-(2-(diethylamino)ethoxy)androst-5-en-17-one,524
C506585,3beta-(4-chlorophenyl) tropane-2beta-(3-(4'-methylphenyl) isoxazol-5-yl) hydrochloride,525
C562249,"3-biphenyl-4-yl-4-(2-fluorophenyl)-5-isopropyl-4H-1,2,4-triazole",526
C106731,3-bromo-7-nitroindazole,527
C562247,"3-chloro-3'-((2-cyclopentyl-3-oxo-2,3-dihydrobenzo(d)isothiazol-6-yloxy)methyl)biphenyl-4-carboxylic acid",528
C000449,3-chlorocarpipramine,529
C048460,3-deazaneplanocin,530
C048835,3-deoxyvasicine,531
C108904,3-(difluoromethyl)-1-(4-methoxyphenyl)-5-(4-(methylsulfinyl)phenyl)pyrazole,532
C547455,3-dihydroxy-6-methyl-7-(phenylmethyl)-4-propylnaphthalene-1-carboxylic acid,533
C053205,"3-(diisopropylaminoethylamino)-2',6'-dimethylpropionanilide, diphosphoric acid",534
C502015,(3-ethyl-2-methyl-quinolin-6-yl)-(4-methoxycyclohexyl)methanone methanesulfonate,535
C480819,"(3-exo)-8-benzoyl-N-(((2S)7-chloro-2,3-dihydro-1,4-benzodioxin-1-yl)methyl)-8-azabicyclo(3.2.1)octane-3-methanamine monohydrochloride",536
C055315,"3'-fluoro-2',3'-dideoxyguanosine",537
C401930,3-geranyl-4-hydroxy-5-(3'-methyl-2'-butenyl)benzoic acid,538
C051918,3-hexen-1-ol,539
C066172,"3-hydroxy-10,11-dihydroquinidine",540
C500627,"3-hydroxy-17-(1H-benzimidazole-1-yl)androsta-5,16-diene",541
C045596,3-hydroxy-2-quinoxalinecarboxylic acid,542
C061073,3-hydroxyaniracetam,543
D020155,3-Hydroxybutyric Acid,544
C041477,3-hydroxyflavone,545
C554289,"3-hydroxylup-20(29)-ene-27,28-dioic acid dimethyl ester",546
C019427,3-hydroxypregnan-3-one 3-sulfate,547
C484543,3-hydroxystilbene,548
C095446,3-(indol-3-yl)propionic acid,549
D019797,3-Iodobenzylguanidine,550
C492672,"3-methoxymethyl-7-(4,4,4-trifluorobutoxy)-3,3a,4,5-tetrahydro-1,3-oxazolo(3,4-a)quinolin-1-one",551
C033636,3-methoxy-O-demethylencainide,552
C586842,((3-methoxythiophen-2-yl)methyl)((2-(9-(pyridin-2-yl)-6-oxaspiro(4.5)decan-9-yl)ethyl))amine,553
C088383,3-methyl-5-(1-methyl-2-pyrrolidinyl)isoxazole,554
C527793,"3-methyl-9-(2-oxa-2lambda(5)-2H-1,3,2-oxazaphosphorine-2-cyclohexyl)-3,6,9-triazaspiro(5.5)undecane",555
C025946,3-methyladenine,556
C532889,3-(methylamino)-2-(naphthalen-2-yl)-1-phenylpropan-1-ol,557
C000631765,3-methylpentyl(4-sulphamoylphenyl)carbamate,558
C047368,3-methylquercetin,559
C441128,"3-N-1(spermine)-7, 24-dihydroxy-5-cholestane 24-sulfate",560
C045855,"3-N-butyl-4,5-dihydrophthalide",561
C027125,3-n-butylphthalide,562
C043857,3-nitrophenyl 3-piperidinecarboxylate,563
C015392,3-nitropropionic acid,564
C487262,3-O-acetylspectaline,565
C504840,3-O-beta-D-glucopyranosyl-spinasterol,566
C529173,3-O-tert-butoxycarbonylspectaline,567
C529493,"3-oxo-1,1-diphenyltetrahydrooxazolo(3,4-a)pyrazine-7-carboxylic acid 4-fluorobenzylamide",568
C581004,"3-oxo-29-noroleana-1,9(11),12-trien-2,20-dicarbonitrile",569
C035253,3-phenylpropionic acid,570
C000623021,3-(pyridin-3-ylsulfonyl)-5-(trifluoromethyl)-2H-chromen-2-one,571
D001498,"3-Pyridinecarboxylic acid, 1,4-dihydro-2,6-dimethyl-5-nitro-4-(2-(trifluoromethyl)phenyl)-, Methyl ester",572
C070417,"(3R)-((2,3-dihydro-5-methyl-3-((4-morpholinyl)methyl)pyrrolo-(1,2,3-de)-1,4-benzoxazin-6-yl)(1-naphthalenyl))methanone",573
C031285,3-xylene,574
C482648,4-(1-(4-tert-butylphenyl)-2-oxo-4-pyrrolidinyl)methoxybenzoic acid,575
C577944,4-((1-butyl-3-phenylureido)methyl)-N-hydroxybenzamide,576
C496751,4-(1H-imidazol-1-yl)retinoic acid,577
C497115,"4-(2-((1R)-1-(((4-chlorophenyl)sulfonyl)-2,5-difluoroanilino)ethyl)-5-fluorophenyl)butanoic acid",578
C000598200,"4-(2-(2-chloro-4-((5-cyclopropyl-3-(2,6-dichlorophenyl)-4-isoxazolyl)methoxy)phenyl)cyclopropyl)benzoic acid",579
C581540,"4-(2-(3,5-dimethoxyphenyl)vinyl)pyridine",580
C479979,"(4-(((2-(3-fluoro-4-(trifluoromethyl)phenyl)-4-methyl-1,3-thiazol-5-yl)methyl)sulfanyl)-2-methylphenoxy)acetic acid",581
C473481,4-(2-benzhydryloxyethyl)-1-(4-fluorobenzyl)piperidin-3-ol,582
C087205,4-(2'-methoxyphenyl)-1-(2'-(N-(2''-pyridinyl)-4-iodobenzamido)ethyl)piperazine,583
C495230,"4-(2-methylthiophenyl)-N-(1,2,3,4-tetrahydronaphthalen-1-yl)-1-piperazinehexanamide",584
C507129,4-(2-naphthylcarboxamido)phenoxyisobutyric acid,585
C556295,"4-(2-phenyl-5,7-bis(trifluoromethyl)pyrazolo(1,5-a)pyrimidin-3-yl)phenol",586
C520164,4-(3-(2-propyl-3-hydroxy-4-acetyl)phenoxy)propyloxyphenoxy acetic acid,587
C479832,"4-(3-3,4-p-menthadien-(1,8)-yl)olivetol",588
C556220,"(4-(3,4-dichlorophenyl)-1,2,3,4-tetrahydronaphthalen-1-yl)dimethylammonium",589
C446602,"4-((3,4-(methylenedioxy)benzyl)amino)-6-methoxyquinazoline",590
C000602001,"4-(3,5-dimethoxystyryl)phenyl acetate",591
C088860,"4-((3-bromophenyl)amino)-6,7-dimethoxyquinazoline",592
C500065,4-(3-trifluoromethylpyridin-2-yl)piperazine-1-carboxylic acid (5-trifluoromethylpyridin-2-yl)amide,593
C575631,"4-(4-(2,4-dioxothiazolidin-5-ylidenemethyl)-2-methoxyphenoxy)-3-trifluoromethylbenzonitrile",594
C572961,4-(4-(3-(4-trifluoromethoxy-phenyl)ureido)cyclohexyloxy)benzoic acid,595
C524106,4-(4-(3-adamantan-1-ylureido)cyclohexyloxy)benzoic acid,596
C584509,"4-(4-((5-(4,5-dimethyl-2-nitrophenyl)-2-furanyl)methylene)-4,5-dihydro-3-methyl-5-oxo-1H-pyrazol-1-yl)benzoic acid",597
C516309,"4-(4-(5,6,7,8-tetrahydro-5,5,8,8-tetramethyl-2-quinoxalinyl)-1,3-thiazol-2-yl)benzoic acid",598
C000592353,"4-(4,6-diphenyl-1,3-dioxan-2-yl)-N,N-dimethylaniline",599
C416545,"4,4a,5,6,7,8,8a,9-octahydro-5-propyl-1H-pyrzolo(3,4-g)quinoline",600
C528564,4-(4-(bis(4-fluorophenyl)methyl)piperazin-1-ylbut-2-enyloxy)acetic acid,601
C528797,4-(((4-carboxybutyl) (2- (5-fluoro-2-((4'-(trifluoromethyl) biphenyl-4-yl)methoxy)phenyl)ethyl) amino)methyl)benzoic acid,602
C042413,4-(4'-chlorobenzyloxy)benzyl nicotinate,603
C000588556,4-(4-cyanophenyl)-2-(2-cyclopentylidenehydrazinyl)thiazole,604
C110453,4-(4-cyclohexyl-2-methyloxazol-5-yl)-2-fluorobenzenesulfonamide,605
C009505,"4,4'-diaminodiphenylmethane",606
C510228,"4,4'-dihydroxy-alpha-truxillic acid",607
D017878,"4,4'-Diisothiocyanostilbene-2,2'-Disulfonic Acid",608
C090942,4-(4-fluorophenyl)-2-(4-hydroxyphenyl)-5-(4-pyridyl)imidazole,609
C000629302,4-(4-fluorophenyl)sulfonyl-5-methylthio-2-phenyloxazole,610
C045130,4-(4-guanidinobenzoyloxy)phenylacetic acid,611
C119130,4-(5-(4-chlorophenyl)-3-(trifluoromethyl)-1H-pyrazol-1-yl)benzenesulfonamide,612
C026804,"4,5,6,7-tetrahydroisoxazolo(4,5-c)pyridin-3-ol",613
C542473,"4-(5,6-dihydro-5,5-dimethyl-8-(quinolin-3-yl)naphthalen-2-carboxamido)benzoic acid",614
C459179,"4-(5-benzo(1,3)dioxol-5-yl-4-pyridin-2-yl-1H-imidazol-2-yl)benzamide",615
D015772,"4,5-Dihydro-1-(3-(trifluoromethyl)phenyl)-1H-pyrazol-3-amine",616
C034332,"4,5-dihydro-2,3-dimethyl-4-phenyl-3H-1,3-benzodiazepine",617
C500583,"4,5-di-O-(E)-caffeoylquinic acid",618
C568862,"4-(6-bromo-1,3-benzodioxol-5-yl)-3a,4,5,9b-3H-cyclopenta(c)quinoline",619
C523393,"4-(6-hydroxy-2-naphthyl)-1,3-benzenediol",620
D012856,"4-Acetamido-4'-isothiocyanatostilbene-2,2'-disulfonic Acid",621
C081510,4-(acetoxymethylnitrosamino)-1-(3-pyridyl)-1-butanone,622
C555021,4-acetylantroquinonol B,623
C088464,"4-(alpha-(4-allyl-2,5-dimethyl-1-piperazinyl)-3-methoxybenzyl)-N,N-diethylbenzamide",624
C484285,"((+)-4-((alphaR)-alpha-((2S,5R)-2,5-dimethyl-4-(2-propenyl)-1-piperazinyl)-(3-phenyl)methyl)-N,N-diethylbenzamide)",625
C008842,4-amino-3-phenylbutyric acid,626
C108123,"4-amino-5-(4-methylphenyl)-7-(tert-butyl)pyrazolo(3,4-d)pyrimidine",627
C013785,4-amino-5-hexynoic acid,628
C041338,4-aminobenzamide,629
C513728,4-(aminocarbonyl)-1-(3-(4-((E)-(hydroxyimino)methyl)pyridinium-1-yl)propyl)pyridinium dibromide,630
C015668,4-aminomethylbenzoic acid,631
D015761,4-Aminopyridine,632
C508950,4'-azidocytidine,633
C090686,"4b,5,9b,10-tetrahydroindeno(1,2-b)indole",634
C116322,4-benzhydryloxy-1-(3-(1H-tetrazol-5-yl-)-propyl)piperidine,635
C079549,4-(benzodioxan-5-yl)-1-(indan-2-yl)piperazine,636
C494356,"4-benzyl-2-methyl-1,2,4-thiadiazolidine-3,5-dione",637
C006821,4-bromophenacyl bromide,638
C079693,4-carboxyphenylglycine,639
C568958,(4-chloro-2-((2-fluoro-5-(propylsulfonyl)phenyl)ethynyl)phenoxy)acetic acid,640
C568957,(4-chloro-2-((2-methyl-5-(propylsulfonyl)phenyl)ethynyl)phenoxy)acetic acid,641
C562239,4-chloro-3-(4-cyclopropylbenzyl)-1-(xylopyranosyl)-1H-indole,642
C400084,4-chlorobenzyltetrahydroberberine,643
C028513,4'-chlorodiazepam,644
C539236,"4-cyano-4-(2,3-dihydro-8-methoxy-1,4-benzodioxin-5-yl)cyclohexanecarboxylic acid",645
C549569,4-cyano-N-(2-(1-cyclohexen-1-yl)-4-(1-((dimethylamino)acetyl)-4-piperidinyl)phenyl)-1H-imidazole-2-carboxamide,646
C007210,4-cymene,647
C402179,4-demethoxy-3'-deamino-3'-aziridinyl-4'-methylsulfonyldaunorubicin,648
C048356,4-demethyl-6-O-methyldoxorubicin,649
C053044,4'-deoxy-4'-iododoxorubicin,650
C082137,4-diethoxyphosphorylmethyl-N-(4-bromo-2-cyanophenyl)benzamide,651
C418965,"4-dimethylamino-3',4'-dimethoxychalcone",652
C042375,"4-diphenylacetoxy-1,1-dimethylpiperidinium",653
C508274,"(((4-(ethoxycarbonyl)phenyl)amino)(2,2,4,4-tetramethyl thiochroman-6-yl)amino) methan-1-one",654
C069037,4(G)-alpha-glucopyranosyl-rutin,655
C539256,"4H-thieno(3,2-b)pyrrole-5-carboxylic acid",656
C038193,4-hydroxybenzoic acid,657
C018966,4-hydroxybenzyl alcohol,658
C111420,4-hydroxybutyric acid,659
C068805,4-hydroxycoumarin,660
C104672,4-hydroxyisoleucine,661
C046575,4'-hydroxynomifensine,662
C014606,4-hydroxypyrazole,663
C064297,4-hydroxystilbene,664
C014919,"4-imino-1,3-diazabicyclo(3.1.0)hexan-2-one",665
C015952,"4-iodo-2,5-dimethoxyphenylisopropylamine",666
C000603500,4'-methoxy-1-naphthylfenoterol,667
C063318,4-methoxycinnamic acid,668
C584368,4'-methoxy licoflavanone,669
C068589,4-methoxytranylcypromine,670
C000628268,"4-methyl-2-((2-methylbenzyl) amino)-1,3-thiazole-5-carboxylic acid",671
C527385,"4-methyl-7,8-dihydroxycoumarin",672
C001632,4-methyl-alpha-ethyl-m-tyramine,673
C018599,4-methylcatechol,674
C406734,4-methylene-2-octyl-5-oxofuran-3-carboxylic acid,675
C570020,4-methylesculetin,676
C549066,"4-methyl-N1-(3-phenylpropyl)benzene-1,2-diamine",677
C000625876,4-methylumbelliferone 8-carbaldehyde,678
C058699,4-N-bis(2-chloroethyl)aminobenzoic acid,679
C110583,4-nerolidylcatechol,680
C000717552,4-nitrochalcone,681
C476105,"(((4-nitrophenyl)amino)(2,2,4,4-tetramethyl thiochroman-6-yl)amino) methane-1-thione",682
C478738,4-(nitroxy)butanoic acid 4-acetylaminophenyl ester,683
C041594,4-nonylphenol,684
C542058,4-O-methylhonokiol,685
C103321,4-O-(sulfamoyl)-N-tetradecanoyltyramine,686
C494898,4-oxofenretinide,687
C116348,"4-phenyl-5-(4-nitrocinnamoyl)-1,3,4-thiadiazolium-2-phenylamine",688
C075773,4-phenylbutyric acid,689
C553344,4-styrylpyrimidin-2-ylamine,690
C488411,"4-vinyl-2,6-dimethoxyphenol",691
C466420,"5,10,15,20-tetrakis(4-sulfonatophenyl)porphyrinato iron(III) chloride",692
C492721,"5,10,15,20-tetrakis(N-methyl-4'-pyridyl)porphyrinato-iron(III)",693
C546624,"(5-(2,4-bis((3S)-3-methylmorpholin-4-yl)pyrido(2,3-d)pyrimidin-7-yl)-2-methoxyphenyl)methanol",694
C528044,"5-(2,4-dihydroxy-5-isopropylphenyl)-4-(4-morpholin-4-ylmethylphenyl)isoxazole-3-carboxylic acid ethylamide",695
C503643,"5-(2,4-dihydroxybenzylidene)-2-(phenylimino)-1,3-thiazolidin",696
C116017,"5-((2,4-dioxo-5-thiazolidinyl)methyl)-2-methoxy-N-((4-(trifluoromethyl)phenyl)methyl)benzamide",697
C568960,"5-2-(4-((ethylmethylamino)carbonyl)-3-fluorophenyl)-alpha,alpha-dimethyl-N-1,3,4-thiadiazol-2-yl-5H-(1)benzopyrano(2,3-b)pyridin-5-acetamide",698
C480541,"5-((2,6-dichlorobenzyl)sulfonyl)-3-((3,5-dimethyl-4-((2-(pyrrolidin-1-ylmethyl)pyrrolidin-1-yl)carbonyl)-1H-pyrrol-2-yl)methylene)-1,3-dihydro-2H-indol-2-one",699
C109763,5-(2-azetidinylmethoxy)-2-chloropyridine,700
C570539,5-(3-((3-(5-methoxybenzisoxazol-3-yl)benzimidazol-1-yl)methyl)phenyl)-5-methyloxazolidinedione,701
C568516,"5-(3-(3-hydroxyphenoxy)azetidin-1-yl)-5-methyl-2,2-diphenylhexanamide",702
C561635,(5-(3-(4-(2-bromo-5-fluorophenoxy)piperidin-1-yl)isoxazol-5-yl)-2H-tetrazol-2-yl)acetic acid,703
C000607343,5-(3-(4-(4-benzylpiperazin-1-yl)-N-(4-phenylthiazol-2-yl))propanamide,704
C551468,"5-(3-chloro-4-fluorophenyl)-3-methyl-3-(pyrimidin-5-ylmethyl)-1-(1H-1,2,4-triazol-3-yl)-1,3-dihydro-2H-indol-2-one",705
C519816,"5-((3-cyclobutyl-2,3,4,5-tetrahydro-1H-3-benzazepin-7-yl)oxy)-N-methyl-2-pyrazinecarboxamide",706
C521155,"5,3'-dihydroxy-3,6,7,4',5'-pentamethoxyflavone",707
C000598659,"5-(3-methoxy-5-(4-methoxystyryl)phenoxy)-2,2-dimethylpentanoic acid",708
C080974,(5-(3-thienyl)tetrazol-1-yl)acetic acid,709
C503211,5-(4-benzyloxyphenyl)-4S-(7-phenylheptanoylamino)pentanoic acid,710
C503119,5-((4-methylphenyl)methylene)-2-(phenylamino)-4(5H)-thiazolone,711
C441720,"5-(4-methylpiperazin-1-yl)-8-chloropyrido(2,3-b)(1,5)benzoxazepine fumarate",712
C000718387,"5,5'-(5,5'-((1R,2R)-1,2-dihydroxyethane-1,2-diyl)bis(1,3,4-oxadiazole-5,2-diyl))dibenzene-1,2,3-triol",713
C524699,5-(5-amino-3-(4-fluorophenyl)pyrazin-2-yl)-1-isopropylprydine-2(1H)-one,714
C017245,"5,5-dimethyl-1-pyrroline-1-oxide",715
C106876,"5,5-dimethyl-3-(3-fluorophenyl)-4-(4-methylsulfonyl)phenyl-2(5H)-furanone",716
C030371,"5,6,7,8-tetrahydrofolic acid",717
C107364,"5,6,7-trimethoxyflavone",718
C013938,"5,6-dihydro-5-azacytidine",719
D015115,"5,6-Dihydroxytryptamine",720
C086335,"(5,6-dimethoxyindan-2-yl)dipropylamine",721
C103111,"5,7,3',4'-tetramethylluteolin",722
C549753,"5,7,3'-trihydroxy-3,4'-dimethoxyflavone",723
C066192,"5,7-dichlorokynurenic acid",724
C573233,"5,7-dihydroxy-2-methyl-8-(4-(3-hydroxy-1-methyl)-piperidinyl)-4H-1-benzopyran-4-one",725
C080669,"5,7-dihydroxy-6-methoxy-2-phenylchromen-4-one",726
C572384,"5,7-dihydroxy-8-(2-methylbutanoyl)-6-(3-methylbutyl)-4-phenyl-chroman-2-one",727
D015116,"5,7-Dihydroxytryptamine",728
C037446,"5,7-dimethoxycoumarin",729
C060298,"5,7-dimethoxyflavone",730
D015117,"5,8,11,14-Eicosatetraynoic Acid",731
C086349,"5,9a-dihydro-5-oxopyrrolo(2,1-c-3,4-b')dithiomorpholine",732
C487289,"5-acetoxyl-2,6,8-trimethylchromone 7-O-beta-D-glucopyranoside",733
D043582,5-alpha-Dihydroprogesterone,734
C559679,5-amino-2-ethoxy-N-(3-trifluoromethylphenyl)benzamide,735
C117944,"5-amino-2-phenyl-1,3,4,5-tetrahydrobenz(c,d)indole",736
C098657,"5-amino-7-(2-phenylethyl)-2-(2-furyl)pyrazolo(4,3-e)-1,2,4-triazolo(1,5-c)pyrimidine",737
C553926,"5-amino-7-(cyclohexylamino)-1-ethyl-6-fluoro-4-oxo-1,4-dihydroquinoline-3-carboxylic acid",738
C071316,"5-aminocarbonyl-10,11-dihydro-5H-dibenzo(a,d)cyclohepten-5,10-imine",739
C549098,5-aminoisoquinoline,740
C411425,5-aminoisoquinolinone,741
C013809,5-aminovaleric acid,742
C106219,5-androstene-16-fluoro-17-one,743
C108492,"5-androstene-3,7,17-triol",744
C034753,5-benzylacyclouridine,745
C000592885,5-carboxy-8-hydroxyquinoline,746
C411209,"5-chloro-1,3-dihydroxyacridone",747
C479635,5-chloro-1-(4-chlorobenzyl)-3-(phenylthio)indole-2-carboxylic acid,748
C498146,"5-chloro-2-(3-(4-phenyl-3,6-dihydro-1(2H)-pyridinyl)propyl)-4(3H)-quinazolinone",749
C000618732,5'-chloro-5'-deoxy-N6-(norborn-2-yl)adenosine,750
C531067,5-chlorobenzo(d)isoxazol-3-ol,751
C085754,"5-(dimethylamino)-N-(3,4-dimethyl-5-isoxazolyl)-1-naphthalenesulfonamide",752
C514925,5'-fluoro-5'-deoxyadenosine,753
C029269,5-fluoropyrimidine,754
C112530,5-FU-CDDP protocol,755
C487288,"5-hydroxy-2,6,8-trimethylchromone 7-O-beta-D-glucopyranoside",756
C052853,5-hydroxydecanoic acid,757
C009762,5-hydroxytryptoline,758
C018979,5-iminodaunorubicin,759
C426745,5-iodo-3-(2-azetidinylmethoxy)pyridine,760
C489251,"5-iodo-3-((3,5-dibromo-4-hydroxyphenyl)methylene)-2-indolinone",761
C051171,5-methoxy-1-methyl-2-(n-propylamino)tetralin,762
C511537,"5-methoxy-2-phenyl-N,N-dimethyltryptamine",763
C025145,"5-methoxy 3-(1,2,3,6-tetrahydro-4-pyridinyl)1H indole",764
D000078223,5-Methoxypsoralen,765
C045647,5-methoxytryptoline,766
C016568,5-methylcytidine,767
C005210,5-methylpyrazole-3-carboxylic acid,768
C005984,5-methyltetrahydrofolate,769
C057446,5-methylurapidil,770
C058176,5-nitro-2-(3-phenylpropylamino)benzoic acid,771
C510786,5-nitroso-8-quinolinol,772
C517687,5-(N-methyl-N-propargylaminomethyl)-8-hydroxyquinoline,773
C540944,5-O-(5-amino-5-deoxyribofuranosyl)-1N-(4-amino-2-hydroxybutanoyl)paromamine,774
C499823,"5S,12R,18R-trihydroxy-6Z,8E,10E,14Z,16E-eicosapentaenoic acid",775
C003002,5-thio-D-glucose,776
C570543,"6-(1-(4-fluoro-2-methylphenyl)-3-(trifluoromethyl)-1H-pyrazol-5-yl)-2H-1,4-benzoxazin-3(4H)-one",777
C497852,"61-bis(1-adamantylcarbamoyl)-1,2-methano(60)fullerene",778
C546607,"6,2',4'-trimethoxyflavone",779
C556284,"6-(3-(4-cyano-3-trifluoromethylphenyl)-5,5-dimethyl-4-oxo-2-thioxoimidazolidin-1-yl)pyridine-2-sulfonic acid amide",780
C471843,6-((3-chloro)anilino)-2-(isopropyl-2-hydroxyethylamino)-9-isopropylpurine,781
C521312,"6-((3-cyclobutyl-2,3,4,5-tetrahydro-1H-3-benzazepin-7-yl)oxy)-N-methyl-3-pyridinecarboxamide",782
C561238,6-(4-(3-(2-methylpyrrolidin-1-yl)propoxy)phenyl)-2H-pyridazin-3-one,783
C521108,"6-(4-(3-(methylsulfonyl)benzylamino)-5-(trifluoromethyl)pyrimidin-2-ylamino)-3,4-dihydroquinolin-2(1H)-one",784
C543534,"6-(5-((cyclopropylamino)carbonyl)-3-fluoro-2-methylphenyl)-N-(2,2-dimethylprpyl)-3-pyridinecarboxamide",785
C081310,6-(6-(4-hydroxypiperidinyl)hexyloxy)-3-methylflavone hydrochloride,786
C558286,"6,6'-bis(2,3-dimethoxybenzoyl)-alpha,alpha-trehalose",787
C571008,"6,6-dimethyl-2-phenylethynyl-7,8-dihydro-6H-quinolin-5-one",788
C418767,"6,7,8,9,10,12-hexahydroazepino(2,1-b)quinazolin-12-one",789
C092061,"6,7-dibromo-5-nitro-2,3-quinoxalinedione",790
C061603,"6,7-dichloroquinoxaline-2,3-dione",791
C485383,"6,7-dihydroxyflavone",792
C106250,"6,7-dimethoxy-3-phenylquinoxaline",793
C000601052,"(6,7-dimethoxyquinolin-4-yl)(5-methoxy-2,2-dimethyl-2H-chromen-6-yl)methyl acetate",794
C508504,"6,7-dimethyl-2-(2E)-3-(1-methyl-2-phenyl-1H-pyrrolo(2,3-b)pyridin-3-yl-prop-2-enoyl)-1,2,3,4-tetrahydroisoquinoline hydrochloride",795
C528479,"6-(7-nitro-2,1,3-benzoxadiazol-4-ylthio)hexanol",796
C498328,"6,8-dimethyl-2-piperidinomethyl-2,3-dihydrothiazolo(2,3-f)xanthine",797
C414214,"6-amino-2-(N, N-di-n-propylamino)thiazolo(4,5-f)indan",798
C505455,"6-amino-N-cyclohexyl-N,3-dimethylthiazolo(3,2-a)benzimidazole-2-carboxamide",799
C584755,6-bromo-8-ethoxy-3-nitro-2H-chromene,800
C023610,6'-bromodihydropapaverine,801
C014896,6-chloro-2-(1-piperazinyl)pyrazine,802
C550547,"6-chloro-2,3,4,9-tetrahydro-1H-carbazole-1-carboxamide",803
C107820,6-chloro-5-methyl-1-((2-(2-methylpyrid-3-yloxy)pyrid-5-yl)carbamoyl)indoline,804
C046414,6-codeinone,805
D018750,"6-Cyano-7-nitroquinoxaline-2,3-dione",806
C480026,6-diphenylmethyl-5-(5-isopropyl-2-methoxybenzylamino)-1-azabicyclo(2.2.2)octane-3-carboxylic acid,807
C432169,"6-fluoro-9-methyl-2-phenyl-4-(pyrrolidin-1-yl-carbonyl)-2,9-dihydro-1H-pyrido(3,4-b)indol-1-one",808
C111855,"6-formylindolo(3,2-b)carbazole",809
C000622214,6F peptide,810
C010643,"6-hydroxy-2,5,7,8-tetramethylchroman-2-carboxylic acid",811
C001388,6-hydroxydopa,812
C012365,6-hydroxymelatonin,813
C026915,"6-iodo-5-hydroxy-eicosatrienoic acid, delta-lactone",814
C023609,6'-iododihydropapaverine,815
C053876,6-isopropoxy-9-oxoxanthene-2-carboxylic acid,816
C063833,6-ketocholestanol,817
C000593132,6-methoxyflavone,818
C009709,"6-methyl-1,2,3,5-tetrahydroimidazo(2,1-b)quinazolin-2-one hydrochloride",819
C054923,"6-methyl-1,3,8-trichlorodibenzofuran",820
C513228,6-methyl-2-(4-(naphthylpiperazin-1-yl)butyl)-3-(2H)-pyridazinone,821
C121465,6-methyl-2-(phenylethynyl)pyridine,822
C000604852,6-methyl-3-(2-nitro-1-(thiophen-2-yl)propyl)-2-phenyl-1H-indole,823
C071160,"6-methyl-6,11-dihydro-11-((N,N-dimethylamino)acetyl)dibenzo(c,f)-(1,2,5)-thiadiazepine 5,5-dioxide",824
C092431,"6-N,N-diethyl-beta,gamma-dibromomethylene-D-ATP",825
C583883,"6-(N,N-dimethylamino)-2-(naphthalene-1-yl)-4-quinazolinone",826
C403966,6-O-palmitol-ascorbate-2-O-phosphate,827
C031226,6-O-palmitoylascorbic acid,828
C035295,6-O-stearoyl-N-acetylmuramyl-alanylisoglutamine,829
C543849,6-phenyl-(4-methylphenyl)-3(2H)-pyridazinon-2-propionamide,830
C586406,"6-phosphonylmethoxyethoxy-2,4-diaminopyrimidine",831
C521871,6-prenylnaringenin,832
C044492,711389-S,833
C432910,"7-(1-(4-chlorophenoxy)ethyl)-1,2,4-trazolo(1,5-alpha)pyrimidine",834
C535211,"7,14-dihydroxydocosa-4,8,10,12,16,19-hexaenoic acid",835
C534887,"(7-(2-(4-difluorophenyl)-1-piperazinyl)ethyl)-2-(2-furanyl)-7H-pyrazolo(4,3-e)(1,2,4)triazolo(1,5-c)pyrimidin-5-amine",836
C533004,"7-(2-amino-1-oxo-3-thio-propyl)-8-cyclohexylmethyl-2-phenyl-5,6,7,8-tetrahydro-imidazo-(1,2a)-pyrazine dimer, hydrochloride",837
C568962,"7-(2-aminopyrimidin-5-yl)-1-((1-cyclopropyl-2,2,2-trifluoroethyl)amino)-5H-pyrido(4,3-b)indole-4-carboxamide",838
C502972,"7-(2-(cyclopropylmethoxy)-6-hydroxyphenyl)-5-(3-piperidinyl)-1,4-dihydro-2H-pyrido(2,3-d)(1,3)oxazin-2-one",839
C082206,"7-(3-(2-(cyclopropylmethyl)-3-methoxy-4-((methylamino)carbonyl)phenoxy)propoxy)-3,4-dihydro-8-propyl-2H-1-benzopyran-2-propanoic acid",840
C121707,"7,3'-dihydroxy-4'-methoxyisoflavone",841
C000606936,"7-(4,6-di-tert-butylpyrimidin-2-yl)-3-(4-trifluoromethoxyphenyl)-5,6,7,8-tetrahydro(1,2,4)triazolo(4,3-a)pyrazine",842
C550613,"7-(4-fluorobenzylamino)-1,3,4,8-tetrahydropyrrolo(4,3,2-de)quinolin-8(1H)-one",843
C041398,"7,7'-dimethoxy-(4,4'-bi-1,3-benzodioxole)-5,5'-dicarboxylic acid dimethyl ester",844
C071693,"7,7-diphenyl-2-(1-imino-2-(2-methoxyphenyl)ethyl)perhydroisoindol-4-one",845
C012153,"7,8-dichloro-1,2,3,4-tetrahydroisoquinoline",846
C092006,7-Ala-angiotensin (1-7),847
C553817,"7-(benzylamino)-1,3,4,8-tetrahydropyrrolo(4,3,2-de)quinolin-8(1H)-one",848
C407360,7-chloro-3-imino-5-methyl-2-azabicyclo(4.1.0)heptane,849
C057013,7-chlorokynurenic acid,850
C084485,7-chlorothiokynurenic acid,851
C000614591,"7-fluoro-1,3-diphenylisoquinoline-1-amine",852
C031349,"7-hydroxy-2-N,N-dipropylaminotetralin",853
C102244,"7-hydroxy-3,4-dihydrocadalin",854
C031477,7-hydroxycoumarin,855
C086815,7-hydroxyfluphenazine,856
C000614155,7-hydroxyl-1-methylindole-3-acetonitrile,857
C482678,7-hydroxymitragynine,858
C433814,"7-hydroxy-N-(1-((4-(3-hydroxyphenyl)-3,4-dimethyl-1-piperidinyl)methyl)-2-methylpropyl)-1,2,3,4-tetrahydro-3-isoquinolinecarboxamide",859
C551454,"7-hydroxy-N-(1-((4-(3-hydroxyphenyl)-3,4-dimethylpiperidin-1-yl)methyl)-2-methylbutyl)-1,2,3,4-tetrahydroisoquinoline-3-carboxamide dihydrochloride",860
C054852,7-hydroxystaurosporine,861
C412852,7-hydroxytheonellasterol,862
C409874,"7-methyl-6,7,8,9,14,15-hexahydro-5H-benz(d)indolo(2,3-g)azecine",863
C522803,7-monohydroxyethylrutoside,864
C000598830,7-mono-O-(beta-hydroxyethyl)rutoside,865
C080122,7-nitroindazole,866
C090812,"7-(N,N-dipropylamino)-5,6,7,8-tetrahydronaphtho(2,3-b)dihydro-2,3-furan",867
C033705,7-oxoprostaglandin I2,868
D015126,"8,11,14-Eicosatrienoic Acid",869
C081320,8-(3-chlorostyryl)caffeine,870
C015929,"8-((4-chlorophenyl)thio)cyclic-3',5'-AMP",871
C031433,8-(4-sulfophenyl)theophylline,872
C107821,"8-(5-(5-amino-2,4-dimethoxyphenyl)-5-oxopentyl)-1,3,8-triazaspiro(4.5)decane-2,4-dione",873
C530605,8-(bis(2-methylphenyl)methyl)-3-phenyl-8-azabicyclo(3.2.1)octan-3-ol,874
C502528,8-bromo-9-ethyladenine,875
C016276,8-bromocyclic GMP,876
C083763,"8-bromoguanosino-3',5'-cyclic monophosphorothioate",877
C067197,"8-(dicyclopropylmethyl)-1,3-dipropylxanthine",878
C557120,8-ethoxy-2-(4-fluorophenyl)-3-nitro-2H-chromene,879
C502530,8-ethoxy- 9-ethyladenine,880
C434584,"8-fluoro-12-(4-methylpiperazin-1-yl)-6H-(1)benzothieno(2,3-b)(1,5)benzodiazepine",881
C099616,8-fluoroidarubicin,882
C550371,"8-(furan-2-yl)-3-thiazolo (5,4-e)(1,2,4)triazolo(1,5-c)pyrimidine-2(3H)-thione",883
C502529,8-furyl-9-ethyladenine,884
D017371,8-Hydroxy-2-(di-n-propylamino)tetralin,885
C006014,"8-(N,N-diethylamino)octyl-3,4,5-trimethoxybenzoate",886
C103789,8-oxoberberine,887
C028322,8-phenyltheophylline,888
C119737,8-prenylnaringenin,889
C090019,8-sulfocholecystokinin octapeptide,890
C496730,"90Y-octreotide, DOTA-Tyr(3)-",891
C550091,"9,10-dihydro-2,5-dimethoxyphenanthrene-1,7-diol",892
C046938,"9,11-linoleic acid",893
C558529,"9-(6-aminopyridin-3-yl)-1-(3-(trifluoromethyl)phenyl)benzo(h)(1,6)naphthyridin-2(1H)-one",894
C036600,"9,9-dimethylcarbazine",895
C031390,9-cis-retinal,896
C037112,9-deoxy-delta-9-prostaglandin D2,897
C552254,"(9H-fluoren-9-yl)methyl(1-((6-(tert-butoxycarbonyl)amino-1-((4-methyl-2-oxo-1,2-dihydroquinolin-7-yl)amino)-1-oxohexan-2-yl)amino)-3-cyclohexyl-1-oxopropan-2-yl)carbamate",898
C025724,9-methoxycamptothecin,899
C091375,9-phenanthrol,900
C017759,9-(tetrahydro-2-furyl)-adenine,901
C436344,A119637,902
C470346,A-317491,903
C489829,A349821,904
C481161,A357300,905
C524029,A-582941,906
C065380,A 68930,907
C061450,A 69024,908
C013786,A73025,909
C079415,A 77636,910
C540311,A-836339,911
C104288,A 85380,912
C095427,A 86929,913
C560402,A 967079,914
C483824,AA005,915
C418262,"abacavir, lamivudine, and zidovudine drug combination",916
C492871,"abacavir, lamivudine drug combination",917
C048324,abamectin,918
C062769,abecarnil,919
C000590451,abemaciclib,920
C089740,abiraterone,921
D000069501,Abiraterone Acetate,922
C542869,abobotulinumtoxinA,923
C503142,ABT-100,924
C501332,ABT-737,925
C504647,ABT-769,926
C034632,ABVD protocol,927
C542786,AC3056,928
C542662,AC 93253,929
C011651,acadesine,930
C000604908,acalabrutinib,931
D000077443,Acamprosate,932
C099958,acanthoic acid,933
D020909,Acarbose,934
C082999,ACEA 1011,935
C093392,ACEA 1328,936
D000070,Acebutolol,937
D000120,Acecainide,938
C023718,acecarbromal,939
C056498,aceclofenac,940
D000074,Acenocoumarol,941
C042831,ACE protocol 1,942
C073053,acetabutone,943
C030686,acetamide,944
D000082,Acetaminophen,945
C526278,"acetaminophen, codeine drug combination",946
C083640,"acetaminophen, hydrocodone drug combination",947
D000085,Acetates,948
D000086,Acetazolamide,949
C002002,acetiromate,950
D000092,Acetohexamide,951
C006358,acetohydroxamic acid,952
D000096,Acetone,953
C010833,acetone cyanohydrin,954
C100162,acetophenazine,955
D000098,Acetophenones,956
C056165,acetovanillone,957
C094432,acetyl-11-ketoboswellic acid,958
C430227,acetyl-AAVALLPAVLLALLAP-DEVD-CHO,959
C099158,acetyl-aspartyl-glutamyl-valyl-aspartal,960
D000108,Acetylcarnitine,961
D000109,Acetylcholine,962
D000111,Acetylcysteine,963
C063261,acetylleucyl-leucyl-norleucinal,964
C010395,acetylsalicylic acid lysinate,965
C033163,acetylspiramycin,966
C004681,acetylstrophanthidin,967
C042137,ACFM protocol,968
C042136,ACF protocol,969
C500727,"acidic oligosaccharide sugar chain, Echlonia Kurome Okam",970
D000143,Acids,971
C018425,acifluorfen,972
C027696,acipimox,973
D017255,Acitretin,974
C006303,acivicin,975
D015250,Aclarubicin,976
C542859,aclidinium bromide,977
C034857,ACOMLA protocol,978
D000157,Aconitine,979
C038334,AC protocol,980
D000165,Acridine Orange,981
D000166,Acridines,982
C043648,acrivastine,983
D000171,Acrolein,984
D000181,Acrylonitrile,985
C058956,acteoside,986
C011394,ACTH (4-10),987
C034159,"ACTH (4-10), Phe(7)-",988
C028024,ACTH (4-9),989
C117408,Acticoat,990
C499366,Active Hexose Correlated Compound,991
D000212,Acyclovir,992
C079422,acylfulvene,993
C109238,acyline,994
C054061,adafenoxate,995
D000068816,Adapalene,996
C549567,adavosertib,997
C090411,Adderall,998
C053001,adefovir,999
C106812,adefovir dipivoxil,1000
C552602,adelmidrol,1001
D000241,Adenosine,1002
C016957,"adenosine-3',5'-cyclic phosphorothioate",1003
D019830,Adenosine-5'-(N-ethylcarboxamide),1004
D000244,Adenosine Diphosphate,1005
D000255,Adenosine Triphosphate,1006
D017500,Adenovirus E1A Proteins,1007
D000266,Adenylyl Imidodiphosphate,1008
C012169,adepren,1009
C039668,adinazolam,1010
C084829,adiphenine,1011
C034201,adolapin,1012
D000080044,Ado-Trastuzumab Emtansine,1013
C022116,adrafinil,1014
D000305,Adrenal Cortex Hormones,1015
D058647,Adrenergic alpha-2 Receptor Agonists,1016
D000317,Adrenergic alpha-Antagonists,1017
D058671,Adrenergic beta-1 Receptor Antagonists,1018
D000318,Adrenergic beta-Agonists,1019
D000319,Adrenergic beta-Antagonists,1020
D000324,Adrenocorticotropic Hormone,1021
C006418,adrenocorticotropin zinc,1022
D053607,Adrenomedullin,1023
C095428,adrogolide hydrochloride,1024
C489254,AEE 788,1025
C498209,AEG 35156,1026
D000077716,Afatinib,1027
C000589002,afoxolaner,1028
C000593263,afuresertib,1029
C510796,afzelechin,1030
C109755,AG-041R,1031
C412373,AG 1879,1032
C079168,agathisflavone,1033
C521855,AGK2 compound,1034
D000376,Agmatine,1035
C430898,AGN 194204,1036
C084711,agomelatine,1037
C119283,AH 1058,1038
C044843,AH 21-132,1039
C046926,AH 23848,1040
C045188,AHR 10718,1041
C064672,AHR 11748,1042
C063013,AHR 12234,1043
C031143,AICA ribonucleotide,1044
C077194,AIEOP acute lymphoblastic leukemia protocol,1045
D000404,Ajmaline,1046
C048980,ajoene,1047
C000608812,AK-1 compound,1048
C000614067,AKT activator SC79,1049
C549106,AL-10 compound,1050
C448439,AL3037A,1051
C097003,AL851 protocol,1052
C581752,alamandine,1053
C112424,albaconazole,1054
D015766,Albendazole,1055
C438910,albicanol,1056
C014959,albiflorin,1057
C064595,albolabrin,1058
C473631,albuferon,1059
D000068196,Albumin-Bound Paclitaxel,1060
D000420,Albuterol,1061
C006443,albutoin,1062
C084615,alclofenac,1063
C021137,alclometasone dipropionate,1064
C020481,alcoholic prolamine solution,1065
D000438,Alcohols,1066
D000443,Alcuronium,1067
C017231,aldioxa,1068
C582670,alectinib,1069
D019386,Alendronate,1070
C008088,alfacalcidol,1071
D000530,Alfaxalone Alfadolone Mixture,1072
D015760,Alfentanil,1073
C005681,alfibrate,1074
C047638,alfuzosin,1075
C007829,"alginate, aluminium hydroxide, magnesium trisilicate, sodium bicarbonate drug combination",1076
D000077322,Alginic Acid,1077
C043283,"alginic acid, nitrofurazone drug combination",1078
C073356,"algininic acid, mafenide drug combination",1079
C097004,ALHR88 protocol,1080
C022192,alinidine,1081
C446481,aliskiren,1082
C457233,alisol A 24-acetate,1083
C457232,alisol B,1084
C526957,alisol B 23-acetate,1085
C516685,alisol F,1086
C499715,alisporivir,1087
D000077556,Alitretinoin,1088
C033968,alizapride,1089
D000468,Alkalies,1090
D000470,Alkaloids,1091
C018204,alkannin,1092
D000477,Alkylating Agents,1093
C471581,ALL-82 protocol,1094
C497468,ALL-BFM-95 protocol,1095
C100185,(all-E) phytoene,1096
C006452,allicin,1097
C006453,alliin,1098
C002001,allocholic acid,1099
C006457,alloin,1100
D000493,Allopurinol,1101
C086509,"allopurinol, benzbromarone drug combination",1102
D000498,Allyl Compounds,1103
C004471,allyl isothiocyanate,1104
C054528,allyl methyl disulfide,1105
C523074,allylpyrocatechol,1106
C038491,allyl sulfide,1107
D015765,Almitrine,1108
C068582,almond oil,1109
C409045,almotriptan,1110
C518327,aloe emodin,1111
C033526,aloenin,1112
C520853,alogliptin,1113
C510660,alopestatin,1114
C090840,alosetron,1115
C002854,alovudine,1116
C108192,aloxistatin,1117
C050408,alpha-(4-fluorophenyl)-4-(5-fluoro-2-pyrimidinyl)-1-piperazine butanol,1118
C043438,alpha-(4-pyridyl-1-oxide)-N-tert-butylnitrone,1119
C104918,"alpha-amino-2'-chloro-5-(phosphonomethyl)(1,1'-biphenyl)-3-propanoic acid",1120
C000654244,alpha-amyrin,1121
C523965,"alpha,beta-methyleneadenosine 5'-diphosphate",1122
C002630,"alpha,beta-methyleneadenosine 5'-triphosphate",1123
C011860,alpha-chaconine,1124
C098872,alpha-conotoxin MII,1125
C095512,"alpha-cyano-(3,4-dihydroxy)-N-benzylcinnamide",1126
C051894,"alpha-ethyl, alpha-methyl-thiobutyrolactone",1127
C540329,"alpha-fluoro-2,2,3,3-tetramethylcyclopropanecarboxamide",1128
C040534,alpha-hexachlorocyclohexane,1129
C066811,alpha-isopropyl-alpha-methyl-gamma-butyrolactone,1130
D017962,alpha-Linolenic Acid,1131
C079694,alpha-methyl-4-carboxyphenylglycine,1132
C011512,alpha-naphthoflavone,1133
C005403,alpha phellandrene,1134
C066169,alpha-phenyl-1-(2-phenylethyl)-4-piperidinemethanol,1135
C079302,alpha-phenylcyclopentylacetic acid,1136
C000600499,alpha-phenylseleno citronellal,1137
C005451,alpha-pinene,1138
C019101,alpha-terthienyl,1139
D024502,alpha-Tocopherol,1140
C012552,alpha-tocopherol phosphate,1141
C064176,alpha-viniferin,1142
C052036,alpidem,1143
C436748,alpinetin,1144
C000154,alpinumisoflavone,1145
D000525,Alprazolam,1146
D000526,Alprenolol,1147
D000527,Alprostadil,1148
C055582,ALS 8123,1149
C071983,altanserin,1150
D006585,Altretamine,1151
D000534,Alum Compounds,1152
C036487,"aluminium hydroxide, magnesium carbonate drug combination",1153
D000077410,Aluminum Chloride,1154
D000536,Aluminum Hydroxide,1155
C013591,"aluminum hydroxide, magnesium hydroxide, drug combination",1156
C008570,"aluminum hydroxide, magnesium hydroxide, simethicone drug combination",1157
D000538,Aluminum Silicates,1158
C041524,aluminum sulfate,1159
C010846,alverine,1160
C419502,alvimopan,1161
C077990,alvocidib,1162
C439263,AM 1241,1163
C103505,AM 251,1164
C109925,AM 281,1165
C401121,AM 36,1166
C529765,AM4113,1167
C068073,Am 580,1168
C551825,AM6545,1169
C010158,amafolone,1170
D000547,Amantadine,1171
C102609,amarogentin,1172
C016977,amastatin,1173
D000549,Ambenonium Chloride,1174
C467894,ambrisentan,1175
D000551,Ambroxol,1176
C077110,ambroxol-theophylline-7-acetate,1177
C012716,amcinonide,1178
D000560,Amdinocillin,1179
D000561,Amdinocillin Pivoxil,1180
C098393,amdoxovir,1181
C016215,amedin,1182
C011164,amentoflavone,1183
C027784,amezinium,1184
C059764,AMF protocol,1185
C557933,AMG-837,1186
D000577,Amides,1187
D000578,Amidines,1188
D000077770,Amifampridine,1189
D004999,Amifostine,1190
D000583,Amikacin,1191
D000584,Amiloride,1192
C010247,"amiloride, hydrochlorothiazide drug combination",1193
C011597,amineptin,1194
D000596,Amino Acids,1195
D000602,"Amino Acids, Peptides, and Proteins",1196
D062365,Aminobenzoates,1197
D000613,Aminobutyrates,1198
D015119,Aminocaproic Acid,1199
D000616,Aminoglutethimide,1200
D000617,Aminoglycosides,1201
D000622,Aminolevulinic Acid,1202
D000625,Aminooxyacetic Acid,1203
D000628,Aminophylline,1204
D000632,Aminopyrine,1205
D000635,Aminorex,1206
D010131,Aminosalicylic Acid,1207
D000636,Aminosalicylic Acids,1208
D000638,Amiodarone,1209
C017823,amiprophos methyl,1210
C049860,amiridine,1211
D000077582,Amisulpride,1212
C014983,amitraz,1213
D000639,Amitriptyline,1214
C006566,amitriptyline N-oxide,1215
C015209,"amitriptyline, perphenazine drug combination",1216
D000640,Amitrole,1217
C045742,amlexanox,1218
D017311,Amlodipine,1219
C487936,"amlodipine, atorvastatin drug combination",1220
D000068838,"Amlodipine, Valsartan Drug Combination",1221
C018824,ammonium acetate,1222
D000643,Ammonium Chloride,1223
D064753,Ammonium Hydroxide,1224
C054105,"ammonium trichloro(dioxoethylene-O,O'-)tellurate",1225
D000654,Amobarbital,1226
D000655,Amodiaquine,1227
C515299,"amodiaquine, artesunate drug combination",1228
C038974,amorolfine,1229
D000657,Amoxapine,1230
D000658,Amoxicillin,1231
D019980,Amoxicillin-Potassium Clavulanate Combination,1232
C049058,amperozide,1233
D000661,Amphetamine,1234
D000662,Amphetamines,1235
D000666,Amphotericin B,1236
C059765,"amphotericin B, deoxycholate drug combination",1237
D000667,Ampicillin,1238
C095108,amprenavir,1239
D000676,Amrinone,1240
D000677,Amsacrine,1241
C553921,amurensin G,1242
C511312,amyrone,1243
C015679,anabasamine,1244
D045930,Anabolic Agents,1245
D048729,Anacardic Acids,1246
C021139,anagrelide,1247
D000700,Analgesics,1248
D000701,"Analgesics, Opioid",1249
C078814,anandamide,1250
C068090,anantin,1251
D000077384,Anastrozole,1252
C039323,ANAVACYM protocol,1253
D000721,Ancrod,1254
D000726,Androgen Antagonists,1255
D000728,Androgens,1256
C000713167,Andrographis paniculata extract,1257
C030419,andrographolide,1258
D000731,Androstanes,1259
C073427,anemarsaponin B,1260
C473640,anemoside A3,1261
C000620474,anemoside B4,1262
D000777,Anesthetics,1263
D018686,"Anesthetics, Intravenous",1264
C006578,anethole,1265
D000781,Anethole Trithione,1266
C044613,angelicae sinensis extract,1267
C011659,angelicin,1268
D020533,Angiogenesis Inhibitors,1269
D043168,Angiostatins,1270
D000806,Angiotensin-Converting Enzyme Inhibitors,1271
C118790,angiotensin I (1-7),1272
C014805,"angiotensin II, Sar(1)-Thr(8)-",1273
D047228,Angiotensin II Type 1 Receptor Blockers,1274
D057911,Angiotensin Receptor Antagonists,1275
C000620716,Angong Niuhuang Pill,1276
D000077612,Anidulafungin,1277
C100232,anileridine,1278
D000838,Anions,1279
C045313,anipamil,1280
C036466,aniracetam,1281
C010679,anisindione,1282
C003922,anisodamine,1283
D000841,Anisomycin,1284
C539751,ankaferd blood stopper,1285
C499916,ankaflavin,1286
C053442,annonacin,1287
D000863,Antacids,1288
C103016,antalarmin,1289
C507241,antarth,1290
D000865,Antazoline,1291
C561899,antcin A,1292
D000871,Anthelmintics,1293
D000872,Anthocyanins,1294
D000873,Anthracenes,1295
D018943,Anthracyclines,1296
D000875,Anthralin,1297
D000880,Anthraquinones,1298
D014151,Anti-Anxiety Agents,1299
D000889,Anti-Arrhythmia Agents,1300
D018927,Anti-Asthmatic Agents,1301
D000900,Anti-Bacterial Agents,1302
D000924,Anticholesteremic Agents,1303
D000925,Anticoagulants,1304
D000927,Anticonvulsants,1305
D000928,Antidepressive Agents,1306
D000929,"Antidepressive Agents, Tricyclic",1307
D000935,Antifungal Agents,1308
D000936,Antigen-Antibody Complex,1309
D019380,Anti-HIV Agents,1310
D000959,Antihypertensive Agents,1311
D000893,Anti-Inflammatory Agents,1312
D000894,"Anti-Inflammatory Agents, Non-Steroidal",1313
D000961,Antilymphocyte Serum,1314
C029764,antimacrophage globulin,1315
D000962,Antimalarials,1316
C119872,antimicrobial peptide IB-367,1317
D000965,Antimony,1318
D000966,Antimony Potassium Tartrate,1319
D000967,Antimony Sodium Gluconate,1320
C026019,antimony sodium tartrate,1321
C037554,antimony trioxide,1322
D000968,Antimycin A,1323
D000969,Antinematodal Agents,1324
D000970,Antineoplastic Agents,1325
D018906,"Antineoplastic Agents, Alkylating",1326
D000074322,"Antineoplastic Agents, Immunological",1327
C052090,antineoplaston A5,1328
D000975,Antioxidants,1329
D000978,Antiparkinson Agents,1330
D000981,Antiprotozoal Agents,1331
D014150,Antipsychotic Agents,1332
D000983,Antipyrine,1333
D044966,Anti-Retroviral Agents,1334
D018501,Antirheumatic Agents,1335
D000991,Antithrombins,1336
D013956,Antithyroid Agents,1337
D000992,Antitoxins,1338
D000995,Antitubercular Agents,1339
D000897,Anti-Ulcer Agents,1340
D000997,Antivenins,1341
D000998,Antiviral Agents,1342
C473343,antofine,1343
C017014,antrafenine,1344
C558369,antrocin,1345
C545357,antroquinonol,1346
C121166,AO-8 formulation,1347
C094049,apaflurane,1348
C572045,apalutamide,1349
D001030,Apamin,1350
C495199,apelin-13 peptide,1351
C501880,"APETx2 protein, Anthopleura elegantissima",1352
D016590,Aphidicolin,1353
D047310,Apigenin,1354
C530449,"apigenin-6,8-di-C-glycopyranoside",1355
C540362,apigenin-6-C-(2''-O-rhamnopyranosyl)-fucopyranoside,1356
C504227,apilimod,1357
C499671,aplaviroc,1358
D001058,Apomorphine,1359
C526219,apple polyphenol extract,1360
C016986,apraclonidine,1361
C505730,apremilast,1362
D000077608,Aprepitant,1363
D001073,Aprindine,1364
C000593705,APY0201,1365
D016718,Arachidonic Acid,1366
D001095,Arachidonic Acids,1367
C119325,arachidonyl-2-chloroethylamide,1368
C119324,arachidonylcyclopropylamide,1369
C081565,arachidonyltrifluoromethane,1370
C059427,aranidipine,1371
C447099,aranoza,1372
C031986,arbekacin,1373
D001104,Arbutin,1374
C546977,AR C155858,1375
C032994,AR-C239,1376
C006624,arcaine,1377
C077992,arctiin,1378
D001115,Arecoline,1379
C555574,argan oil,1380
C031942,argatroban,1381
D001120,Arginine,1382
C059083,arginine 2-mercaptoethane sulfonate,1383
D001127,Arginine Vasopressin,1384
C506540,"arginyl-2,'6'-dimethyltyrosyl-lysyl-phenylalaninamide",1385
C047981,arginyl-glycyl-aspartic acid,1386
D000068180,Aripiprazole,1387
C000228,aristolochic acid I,1388
C061640,arjunolic acid,1389
C026987,aroclor 1260,1390
C470200,arodyn,1391
C080220,aromadedrin,1392
C554991,aromadendrin 3-O-beta-D-glucopyranoside,1393
D047072,Aromatase Inhibitors,1394
C024523,arotinolol,1395
C551661,ARQ 197,1396
D001148,Arsenamide,1397
D001151,Arsenic,1398
D001152,Arsenicals,1399
C058317,arsenic disulfide,1400
D000077237,Arsenic Trioxide,1401
C045816,arsenic trisulfide,1402
C488405,Arsenicum Album-200,1403
C015001,arsenite,1404
D001153,Arsphenamine,1405
C006634,arteannuin B,1406
D000077549,Artemether,1407
C054132,artemetin,1408
C047721,artemisic acid,1409
C031327,artemisinin,1410
D037621,Artemisinins,1411
C055141,artemotil,1412
C039060,artenimol,1413
C010034,Arteparon,1414
D000077332,Artesunate,1415
C078133,Arthrotec,1416
C121153,arvanil,1417
C500823,arvelexin,1418
C573282,arylomycin A-C16,1419
C517830,arzanol,1420
C505862,AS 19 compound,1421
C012195,asarone,1422
C043372,ascaridole,1423
C011669,ascorbate-2-phosphate,1424
D001205,Ascorbic Acid,1425
C522667,asenapine,1426
C030693,Ashwagandha,1427
C000713447,Asian ginseng,1428
C017032,asiatic acid,1429
C004446,asiaticoside,1430
C022870,asoxime chloride,1431
C000632156,ASP8477,1432
C517016,aspalathin,1433
D001218,Aspartame,1434
C077956,asperuloside,1435
C010302,aspidin BB,1436
D001241,Aspirin,1437
D000068342,"Aspirin, Dipyridamole Drug Combination",1438
C025153,Aspirin-oxycodone hydrochloride-oxycodone terephthalate combination,1439
C040896,AST 120,1440
C005948,astaxanthine,1441
D016589,Astemizole,1442
C099069,astilbin,1443
C001579,astragalin,1444
C052064,astragaloside A,1445
C000632696,astragaloside VI,1446
C104416,astressin,1447
C120841,astressin B,1448
C121481,astringin,1449
C042315,asulacrine,1450
D000069446,Atazanavir Sulfate,1451
D001262,Atenolol,1452
C035884,"atenolol, chlortalidone drug combinations",1453
C017998,atherospermine,1454
C050701,atipamezole,1455
C431129,ATL 146e,1456
D000069445,Atomoxetine Hydrochloride,1457
D000069059,Atorvastatin,1458
C047046,atosiban,1459
D053626,Atovaquone,1460
C109496,"atovaquone, proguanil drug combination",1461
C497332,AT protocol,1462
C424802,atractylenolide III,1463
C046196,atractylon,1464
D001279,Atracurium,1465
C026304,atranorin,1466
D000077868,Atrasentan,1467
C096921,atreleuton,1468
D001285,Atropine,1469
D001286,Atropine Derivatives,1470
C006650,aucubin,1471
D001310,Auranofin,1472
C105832,aurapten,1473
D006051,Aurothioglucose,1474
C049636,AVCF protocol,1475
C469726,AVE 0991,1476
C479877,AVE 7688,1477
C064082,AVI protocol,1478
C438273,aviptadil,1479
C103231,avitriptan,1480
C470045,AWD 12-281,1481
C116306,AWD 131-138,1482
D000077784,Axitinib,1483
C100697,AZ 002,1484
C562236,aza-(6)-gingerol,1485
C000109,azabicyclane,1486
D001374,Azacitidine,1487
C010329,azadirachtin,1488
C479321,azadiradione,1489
C004448,azapetine,1490
C100231,azaribine,1491
C099015,azaspirane,1492
C006656,azatadine,1493
D001379,Azathioprine,1494
D001380,Azauridine,1495
C517975,AZD 6244,1496
C010038,azelaic acid,1497
C020976,azelastine,1498
D001381,Azepines,1499
D001384,Azetidines,1500
C006659,azidomorphine,1501
C521273,azilsartan,1502
C086123,azimilide,1503
C051054,azinomycin A,1504
C051055,azinomycin B,1505
C515726,azinomycin epoxide,1506
D017963,Azithromycin,1507
D001390,Azlocillin,1508
C092761,azonafide,1509
D001397,Azoxymethane,1510
C087670,azoxystrobin,1511
D001398,Aztreonam,1512
C011674,bacampicillin,1513
D001414,Bacitracin,1514
C001816,"bacitracin zinc, neomycin sulfate, polymyxin B, drug combination",1515
D001418,Baclofen,1516
C076190,BACOD protocol,1517
C442170,bacopaside I,1518
C442169,bacopaside II,1519
C500175,bacoside A,1520
D001427,Bacterial Toxins,1521
C051019,BAEC protocol,1522
C040929,bafilomycin A1,1523
C006680,baicalein,1524
C550990,baicalein-7-O-diglucoside,1525
C038044,baicalin,1526
C012765,bakuchiol,1527
C530825,balapiravir,1528
C038637,balsalazide,1529
C117546,BAM 1120,1530
C047766,bambuterol,1531
C487581,bananin,1532
C000630584,banxia xiexin decoction,1533
D001463,Barbiturates,1534
C445068,bardoxolone methyl,1535
C000596027,baricitinib,1536
C051168,basil oil,1537
C060190,batanopride,1538
C080985,batimastat,1539
D012103,Batroxobin,1540
C468752,bavachinin,1541
C574166,bavisant,1542
C416282,BAY 11-7085,1543
C480588,BAY 58-2667,1544
C518875,BAY 60-6583,1545
C076692,Baypamun HK,1546
C071435,BAY u9773,1547
C447119,bazedoxifene,1548
C101468,BB 1101,1549
C084553,BC 264,1550
C042557,B-CAVe protocol,1551
D001500,BCG Vaccine,1552
C111479,BCH 2763,1553
C085527,BD 1008,1554
C104916,BDP 29,1555
C010652,BE 2254,1556
C080815,BEACOPP protocol,1557
C057058,BEAM regimen,1558
D001507,Beclomethasone,1559
C493870,bedaquiline,1560
D001514,Bee Venoms,1561
C473959,befiradol,1562
C006034,befunolol,1563
C539549,begacestat,1564
C487081,belinostat,1565
D001533,Belladonna Alkaloids,1566
C091291,bellidifolin,1567
C520022,belnacasan,1568
C116963,belotecan,1569
C042253,bemesetron,1570
D001535,Benactyzine,1571
C044946,benazepril,1572
C052133,benazeprilat,1573
D000069461,Bendamustine Hydrochloride,1574
C036067,bendazac lysine,1575
D001539,Bendroflumethiazide,1576
C001584,benfluorex,1577
C061004,benidipine,1578
C084830,benorilate,1579
C011677,benoxaprofen,1580
C005298,benoxinate,1581
D001544,Benperidol,1582
C013835,benphothiamine,1583
D001545,Benserazide,1584
C005177,"benserazide, levodopa drug combination",1585
D001546,Bentonite,1586
C037689,benzamide,1587
D001549,Benzamides,1588
C013407,benzamil,1589
C004528,benzarone,1590
C024657,"benzathine benzylpenicillin, procaine benzylpenicillin, drug combination",1591
D001553,Benzbromarone,1592
D001562,Benzimidazoles,1593
D001564,Benzo(a)pyrene,1594
D001565,Benzoates,1595
C026163,benzo(b)thiophene-2-carboxylic acid,1596
D001566,Benzocaine,1597
D001569,Benzodiazepines,1598
D001572,Benzofurans,1599
D019817,Benzoic Acid,1600
C029755,benzonatate,1601
C009999,benzonidazole,1602
C496397,"benzonitrile, 4-(2-(2-((2r)-2-methyl-1-pyrrolidinyl)ethyl)-5-benzofuranyl)-",1603
D001581,Benzothiadiazines,1604
D052160,Benzothiazoles,1605
D001583,Benzoxazoles,1606
C110772,benzoylcarbonyl-aspartyl-glutamyl-valyl-aspartyl-fluoromethyl ketone,1607
D001585,Benzoyl Peroxide,1608
C100234,benzquinamide,1609
D001590,Benztropine,1610
D019905,Benzyl Alcohol,1611
C006723,benzyl benzoate,1612
C117872,benzylguanidine,1613
D001597,Benzylidene Compounds,1614
C090535,benzyloxycarbonyl-isoleucyl-glutamyl(O-tert-butyl)-alanyl-leucinal,1615
C403754,benzyloxycarbonyl-leucyl-glutamyl-histidyl-aspartic acid fluoromethyl ketone,1616
C072553,benzyloxycarbonylleucyl-leucyl-leucine aldehyde,1617
C460579,benzyloxycarbonyltyrosyl-valyl-alanyl-aspartic acid fluoromethyl ketone,1618
C103712,benzyloxycarbonyl-valyl-alanyl-aspartyl-fluoromethane,1619
C054108,benzyl selenocyanate,1620
C551941,benzylsulfonylargininyl-proline-(4-amidinobenzyl)amide,1621
C063964,bepafant,1622
C038328,BEP protocol,1623
D015764,Bepridil,1624
C072197,beractant,1625
C048081,beraprost,1626
C027870,berbamine,1627
D001599,Berberine,1628
D001600,Berberine Alkaloids,1629
C115958,berberrubine,1630
C006741,bergenin,1631
C000598331,berzosertib,1632
C481484,besonprodil,1633
C036613,bestrabucil,1634
C000617228,beta-2-himachalen-6-ol,1635
C445259,beta-adrenergic receptor kinase inhibitory peptide,1636
C036380,beta-amyrin,1637
C577086,beta-artecyclopropylmether,1638
D019207,beta Carotene,1639
D047392,beta-Cyclodextrins,1640
C092028,beta-D-glucosylisophosphoramide mustard,1641
C445979,beta-elemene,1642
D001615,beta-Endorphin,1643
C051082,beta-eudesmol,1644
C024524,beta-funaltrexamine,1645
D047071,beta-Glucans,1646
D001621,Betahistine,1647
C118460,beta-hydroxyisovalerylshikonin,1648
D001622,Betaine,1649
C008157,beta-ionone,1650
D047090,beta-Lactams,1651
C102984,beta-lactotensin,1652
C014638,beta-lapachone,1653
D001623,Betamethasone,1654
C011175,"betamethasone-17,21-dipropionate",1655
C018230,betamethasone acetate phosphate,1656
C015706,betamethasone benzoate,1657
C028994,betamethasone sodium phosphate,1658
D001624,Betamethasone Valerate,1659
C008574,beta-myrcene,1660
D019324,beta-Naphthoflavone,1661
C020228,betanin,1662
C001824,beta-N-methylamino-L-alanine,1663
C000614835,beta-patchoulene,1664
D015784,Betaxolol,1665
D018723,Bethanechol,1666
D001627,Bethanidine,1667
C002503,betulin,1668
D000094062,Betulinic Acid,1669
C021148,bevantolol,1670
C000705992,bexagliflozin,1671
D000077610,Bexarotene,1672
D001629,Bezafibrate,1673
C099840,BFM-86 protocol,1674
C083136,BFM-ALL 81 protocol,1675
C405586,BGP 15,1676
C480354,BH30sucMan,1677
C438312,BHAC-AMP protocol,1678
C466310,BIA 3-335,1679
C053541,bicalutamide,1680
D001639,Bicarbonates,1681
D001640,Bicuculline,1682
C017069,bicuculline methiodide,1683
C477843,bicyclol,1684
C031906,bifemelane,1685
C465548,bifendate,1686
C509981,bifeprunox,1687
D044946,Biflavonoids,1688
D001645,Biguanides,1689
C522118,BIIB 723,1690
C403256,BIIE 0246,1691
D001647,Bile Acids and Salts,1692
D001663,Bilirubin,1693
D001664,Biliverdine,1694
C073710,bilobalide,1695
D000069580,Bimatoprost,1696
C108730,bimoclomol,1697
C551844,binaphthyl diselenide,1698
C063249,binospirone mesylate,1699
C004541,biochanin A,1700
D001685,Biological Factors,1701
D001688,Biological Products,1702
D001710,Biotin,1703
D001712,Biperiden,1704
D001713,Biphenyl Compounds,1705
C522461,biphenyl-indanone A,1706
C528260,bis(12)-hupyridone,1707
C014363,bis(2-guanidinoethyl)disulfide,1708
C542674,"bis((2-oxindol-3-ylimino)-2-(2-aminoethyl)pyridine-N,N')copper(II)",1709
C577051,bis(3)-cognitin,1710
D005406,Bis(4-Methyl-1-Homopiperazinylthiocarbonyl)disulfide,1711
C002887,bis(4-nitrophenyl)phosphate,1712
C004497,bisabolol,1713
C531975,bisacurone,1714
C512927,bis(alpha-furancarboxylato)oxovanadium(IV),1715
C031404,bisantrene,1716
C034786,bisdemethoxycurcumin,1717
C542281,bisdesmethoxycurcumin,1718
C070515,bisindolylmaleimide I,1719
C074212,bis(maltolato)oxovanadium(IV),1720
D001729,Bismuth,1721
C015715,bismuth subsalicylate,1722
C002791,bismuth tripotassium dicitrate,1723
D017298,Bisoprolol,1724
C006780,bisphenol A,1725
C019273,bisphenol A diglycidyl ether,1726
C581290,bis(phenylimidazoselenazolyl) diselenide,1727
C517295,bis(quercetinato)oxovanadium(IV),1728
C562068,bisvanillyl-hydralazone,1729
C000297,bithionol sulfoxide,1730
C011685,bitolterol,1731
C074619,bivalirudin,1732
C518299,BIX 01294,1733
D001761,Bleomycin,1734
C079310,blonanserin,1735
C542815,BLX 1002,1736
C119407,BmK AS polypeptide,1737
C417087,BmK IT2 scorpion toxin,1738
C089957,BMS 181339,1739
C473731,BMS201038,1740
C424388,BMS204352,1741
C543412,BMS 641988,1742
C552150,BMS-690514,1743
C554092,BMS 708163,1744
C000606543,BMS-906024,1745
C087064,BMY 14786,1746
C064509,BN 50739,1747
C075674,BN 52256,1748
C526332,BN82451,1749
C400786,BnSO(2)-D-Arg-Gly-Arg-ketothiazole,1750
D000090982,BNT162 Vaccine,1751
C011686,boldine,1752
C506830,boldine methine,1753
C059180,BOLD protocol,1754
C500927,bolinaquinone,1755
D001865,Bongkrekic Acid,1756
C036007,bopindolol,1757
C032688,boric acid,1758
C040653,"boric acid, nitrofurazone, procaine drug combination",1759
C006088,bornaprine,1760
C018417,bornaprolol,1761
D001895,Boron,1762
C005066,borrelidin,1763
D000069286,Bortezomib,1764
D000077300,Bosentan,1765
D001905,Botulinum Toxins,1766
D019274,"Botulinum Toxins, Type A",1767
C106714,BP 2-94,1768
C120565,BP 897,1769
C014926,BQ 22-708,1770
C086539,BQ 788,1771
C074544,"bradykinin, 1-adamantanecarboxylic acid-Arg(0)-Hyp(3)-Thi(5,8)-Phe(7)-",1772
C051090,"bradykinin, Leu(8)-des-Arg(9)-",1773
C013332,"brallobarbital, hydroxyzine, secobarbital drug combination",1774
C023623,brassinolide,1775
C050295,brazilein,1776
C065350,brefanolol,1777
C027248,bremazocine,1778
C045166,bretylium,1779
D001949,Bretylium Compounds,1780
D001950,Bretylium Tosylate,1781
C061097,breviscapine,1782
C000298,brilliant black 1,1783
D000068438,Brimonidine Tartrate,1784
C111827,brinzolamide,1785
C482793,brivaracetam,1786
C072125,BRL 44408,1787
C038213,brofaromine,1788
C085955,bromantane,1789
D001960,Bromazepam,1790
D001961,Bromcresol Green,1791
C100245,bromebric acid,1792
D001964,Bromhexine,1793
D001971,Bromocriptine,1794
C006820,bromperidol,1795
C077144,bromperidol decanoate,1796
D001993,Bronchodilator Agents,1797
C033560,bropirimine,1798
C007982,Broxaldine,1799
C002276,broxyquinoline,1800
C002550,bruceantin,1801
C083806,brucine,1802
C057147,bryophyllin A,1803
C046785,bryostatin 1,1804
C000624319,BTSA1 compound,1805
C105826,BU 224,1806
C026535,bucillamine,1807
C024307,bucindolol,1808
D003994,Bucladesine,1809
C024221,bucumolol,1810
D019819,Budesonide,1811
C026710,budipine,1812
C520233,budlein A,1813
C006153,budralazine,1814
C022777,bufalin,1815
C000610679,bufei jianpi,1816
C574914,Bu-Fei-Yi-Shen,1817
C010651,buflomedil,1818
C004600,bufotalin,1819
C010831,bufuralol,1820
C000661,bumecain,1821
D002034,Bumetanide,1822
C018176,bunazosin,1823
D002038,Bungarotoxins,1824
D002045,Bupivacaine,1825
D002046,Bupranolol,1826
D002047,Buprenorphine,1827
D000069479,"Buprenorphine, Naloxone Drug Combination",1828
D016642,Bupropion,1829
C044661,Burinex K,1830
D002064,Buserelin,1831
C527851,bushen huoxue,1832
D002065,Buspirone,1833
D002066,Busulfan,1834
D002069,Butaclamol,1835
C578612,"butane-2,3-dione thiosemicarbazone oxime",1836
C546561,"butaphosphan, cyanocobalamin drug combination",1837
C040918,butein,1838
C004511,butenolide,1839
D019328,Buthionine Sulfoximine,1840
C520649,butorphan,1841
D002077,Butorphanol,1842
D002078,Butoxamine,1843
D002079,Butter,1844
D002083,Butylated Hydroxyanisole,1845
D002084,Butylated Hydroxytoluene,1846
C026105,butylidenephthalide,1847
C006863,butyl phosphorotrithioate,1848
D002086,Butylscopolammonium Bromide,1849
D002087,Butyrates,1850
D020148,Butyric Acid,1851
D002090,Butyrophenones,1852
C402943,bu-zhong-yi-qi-tang,1853
C039822,BVCPP protocol,1854
C030669,BW 245C,1855
C083877,BW 373U86,1856
C487049,BXL628,1857
C468549,Bz-423,1858
C028958,C10-Dichol,1859
C000625861,C188-9 compound,1860
C400541,CA 074 methyl ester,1861
C552428,cabazitaxel,1862
D000077465,Cabergoline,1863
C098384,cacospongionolide B,1864
D019256,Cadmium Chloride,1865
C035196,cadmium nitrate,1866
C028337,cadmium telluride,1867
C031877,cadralazine,1868
C040048,caffeic acid,1869
C055494,caffeic acid phenethyl ester,1870
D002109,Caffeic Acids,1871
D002110,Caffeine,1872
C062969,"caffeine, chlorpheniramine, dihydrocodeine, methylephedrine drug combination",1873
C026189,caffeine citrate,1874
C106429,"caffeine, codeine, acetaminophen, propyphenazone drug combination",1875
C037330,"caffeine, ergotamine drug combination",1876
C025741,"caffeine, sodium benzoate drug combination",1877
C472707,caffeoylquinic acid,1878
C035000,CAF protocol,1879
C416123,CAF protocol 2,1880
C411062,CAG protocol,1881
C471767,cajanol,1882
C553724,Cajanus cajan extract,1883
C075959,calanolide A,1884
D002112,Calcifediol,1885
C055085,calcipotriene,1886
D002116,Calcitonin,1887
C058636,calcitonin gene-related peptide (8-37),1888
D002117,Calcitriol,1889
D002118,Calcium,1890
D002119,Calcium Carbonate,1891
D002121,Calcium Channel Blockers,1892
D002122,Calcium Chloride,1893
D017610,Calcium Compounds,1894
D002136,"Calcium, Dietary",1895
D002125,Calcium Gluconate,1896
C006871,calcium heparin,1897
C110051,calcium lactate,1898
C514136,calcium propionate,1899
C058076,calpain inhibitor III,1900
C071482,calpeptin,1901
C533734,calycopterin,1902
C526426,calycosin-7-O-beta-D-glucoside,1903
C488311,calycosin-7-O-glucopyranoside,1904
C102405,camalexin,1905
C539585,camellioside A,1906
C034532,camostat,1907
C019286,camphene,1908
D002164,Camphor,1909
C009952,"camphor, cedar leaf oil, eucalyptus oil, menthol, myristica oil, terebinth oil, thymol drug combination",1910
D002166,Camptothecin,1911
D000068896,Canagliflozin,1912
D019496,Cancer Vaccines,1913
C081643,candesartan,1914
C077793,candesartan cilexetil,1915
D002174,Candicidin,1916
C062766,candoxatril,1917
C060942,candoxatrilat,1918
C420268,Canertinib,1919
C550144,cang er zi wan,1920
C117446,cangrelor,1921
D002185,Cannabidiol,1922
C073718,cannabidiol hydroxyquinone,1923
C006884,cannabidiolic acid,1924
C580853,cannabidivarin,1925
C100679,cannabigerolic acid,1926
C000719156,cannabinoid CB2 receptor agonist ABK5,1927
D002186,Cannabinoids,1928
D002191,Canrenoic Acid,1929
D002192,Canrenone,1930
D002193,Cantharidin,1931
C533633,caoguo zhimu,1932
D000069287,Capecitabine,1933
C000613976,capmatinib,1934
C040871,CAP protocol 2,1935
D002207,Capreomycin,1936
D002211,Capsaicin,1937
C071423,capsazepine,1938
C470213,capsiate,1939
C104667,capsinolol,1940
D002216,Captopril,1941
C044959,"captopril, hydrochlorothiazide drug combination",1942
C004646,capuride,1943
C004519,caramiphen,1944
C104525,caraway oil,1945
D002217,Carbachol,1946
D002219,Carbamates,1947
D002220,Carbamazepine,1948
D065097,Carbamoyl Phosphate Synthetase I Activators,1949
C002942,carbaspirin calcium,1950
D002227,Carbazoles,1951
D002228,Carbenicillin,1952
D002229,Carbenoxolone,1953
D002230,Carbidopa,1954
C009265,"carbidopa, levodopa drug combination",1955
D002231,Carbimazole,1956
D002233,Carbocysteine,1957
C011700,carbogen,1958
D002245,Carbon Dioxide,1959
D002246,Carbon Disulfide,1960
D002257,Carbonic Anhydrase Inhibitors,1961
D002248,Carbon Monoxide,1962
D002251,Carbon Tetrachloride,1963
D016190,Carboplatin,1964
D002260,Carboprost,1965
C062843,carboprost tromethamine,1966
D002264,Carboxylic Acids,1967
C029933,"carboxymethyl-beta-1,3-glucan",1968
C436747,cardamonin,1969
D002298,Cardenolides,1970
D002316,Cardiotonic Agents,1971
D054715,Cardiotoxins,1972
D002317,Cardiovascular Agents,1973
C524865,carfilzomib,1974
C093373,cariporide,1975
D002328,Carisoprodol,1976
C017367,carmofur,1977
C071485,carmoxirole,1978
D002330,Carmustine,1979
C453779,carmustine with prolifeprosan 20,1980
C014394,carnidazole,1981
D002331,Carnitine,1982
D002336,Carnosine,1983
C068623,carnosol,1984
D002351,Carrageenan,1985
D002354,Carteolol,1986
D002355,Carticaine,1987
D002360,Carubicin,1988
C073316,carvacrol,1989
C586464,carvacryl acetate,1990
D000077261,Carvedilol,1991
C006923,carvone,1992
C024714,caryophyllene,1993
C515179,caryophyllene oxide,1994
C531951,casopitant,1995
D000077336,Caspofungin,1996
C426663,cassine,1997
C054133,casticin,1998
D002368,Castor Oil,1999
C070295,catalase-polyethylene glycol,2000
C078040,catalpol,2001
D002392,Catechin,2002
D002395,Catecholamines,2003
C046419,Catharanthus roseus extract,2004
C000600690,cationic amphipathic peptide RT2,2005
C011188,cavidine,2006
C103436,CB 1093,2007
C031662,CB 3717,2008
C474928,CB 403,2009
C000593334,CB-839,2010
C000603860,CBP30 compound,2011
C038959,CBV protocol,2012
C115112,CC 3052,2013
C495817,CC-8490,2014
C048855,CCE protocol,2015
C523455,CCG 1423,2016
C099555,CD 437,2017
C082828,CD 832,2018
C034080,CDOP protocol,2019
C102660,CDP 840,2020
C574493,CDRI-97-78,2021
C092702,CEA protocol,2022
C031161,cecropin A,2023
C414666,cedrelone,2024
D002433,Cefaclor,2025
D002434,Cefadroxil,2026
D002435,Cefamandole,2027
C012810,cefamandole nafate,2028
D002437,Cefazolin,2029
C035978,cefbuperazone,2030
D000077525,Cefdinir,2031
C057710,cefditoren pivoxil,2032
D000077723,Cefepime,2033
D020682,Cefixime,2034
D015281,Cefmenoxime,2035
D015311,Cefmetazole,2036
C033356,cefodizime,2037
D002438,Cefoperazone,2038
C079769,cefoselis,2039
D002439,Cefotaxime,2040
D015313,Cefotetan,2041
D015310,Cefotiam,2042
D002440,Cefoxitin,2043
D000097572,Cefpirome,2044
D000097623,Cefpodoxime,2045
D000097627,Cefpodoxime Proxetil,2046
C083924,CEF regimen,2047
D002442,Ceftazidime,2048
D000077722,Ceftibuten,2049
D015296,Ceftizoxime,2050
C443755,ceftobiprole,2051
C081654,CEFT protocol,2052
D002443,Ceftriaxone,2053
D002444,Cefuroxime,2054
C040738,cefuroxime axetil,2055
C050414,celastrol,2056
D000068579,Celecoxib,2057
D017272,Celiprolol,2058
C499879,celivarone,2059
C480340,cell differentiation agent II,2060
C532683,Cellfood,2061
C000611863,cemtirestat,2062
C039923,centbutindole,2063
C526146,Centella asiatica extract,2064
C531023,centipedic acid,2065
D000697,Central Nervous System Stimulants,2066
C051594,CEOP protocol 1,2067
C567989,CEP 33779,2068
D002506,Cephalexin,2069
D002509,Cephaloridine,2070
D002511,Cephalosporins,2071
D002512,Cephalothin,2072
D002514,Cephapirin,2073
C006947,cepharanthine,2074
D002515,Cephradine,2075
C505030,CE protocol II,2076
C006952,cerebrolysin,2077
C586847,ceritinib,2078
C086276,cerivastatin,2079
C403769,certoparin,2080
D002569,Cerulenin,2081
D002108,Ceruletide,2082
C038931,cetamolol,2083
C520092,cetilistat,2084
D017332,Cetirizine,2085
C000665,cetraxate,2086
D000077286,Cetrimonium,2087
C062876,cetrorelix,2088
C072336,"cetylpyridinium chloride, zinc acetate drug combination",2089
C059240,cevimeline,2090
C478920,CF101,2091
C119032,CFM 1,2092
C119033,CFM 2,2093
C035346,CFP protocol,2094
C095424,CF regimen,2095
C515676,CGC 11093,2096
C049763,CGP 20712A,2097
C066430,CGP 35348,2098
C087223,CGP 48369,2099
C085075,CGP 55845A,2100
C049819,CGS 10746B,2101
C089987,CGS 26303,2102
C113055,CGS 31447,2103
C404931,CGS 34043,2104
C404932,CGS 35066,2105
C511403,CGS 35601,2106
C561306,CH 5166623,2107
C550211,chalcomoracin,2108
D002599,Chalcone,2109
D047188,Chalcones,2110
D002606,Charcoal,2111
C076178,chebulagic acid,2112
C016299,chelerythrine,2113
C062047,chelidonine,2114
D002635,Chenodeoxycholic Acid,2115
C000592349,chicanine,2116
C515629,chiglitazar,2117
C473711,Chir 99021,2118
D048271,Chitosan,2119
C050705,CHIVPP protocol,2120
D002697,Chloral Hydrate,2121
D002698,Chloralose,2122
D002699,Chlorambucil,2123
D002700,Chloramines,2124
D002701,Chloramphenicol,2125
C030578,chloramphenicol palmitate,2126
C026016,chloramphenicol succinate,2127
C084597,chlorcyclizine,2128
C013434,chlordesmethyldiazepam,2129
D002707,Chlordiazepoxide,2130
C034153,"chlordiazepoxide, clidinium drug combination",2131
D002709,Chlorfenvinphos,2132
D002710,Chlorhexidine,2133
C010882,chlorhexidine gluconate,2134
C008129,"chlorhexidine gluconate, lidocaine drug combination",2135
C048279,chlorhexidine phosphanilate,2136
D002712,Chlorides,2137
C025109,chlorine dioxide,2138
D002714,Chlorisondamine,2139
D002715,Chlormadinone Acetate,2140
D002719,Chlormethiazole,2141
D002720,Chlormezanone,2142
C006972,chloroacetic acid,2143
C097983,chlorobromofosfamide,2144
D020111,Chlorodiphenyl (54% Chlorine),2145
D002725,Chloroform,2146
D002726,Chlorogenic Acid,2147
D002734,Chlorophyll,2148
C007020,chlorophyllin,2149
C004616,chloroprocaine,2150
D002738,Chloroquine,2151
C023676,chloroquine diphosphate,2152
D002740,Chlorothiazide,2153
D002741,Chlorotrianisene,2154
C543063,chloroxoquinoline,2155
C007028,chlorozotocin,2156
D002744,Chlorpheniramine,2157
C100100,chlorphenoxamine,2158
C007030,chlorproguanil,2159
D002746,Chlorpromazine,2160
D002747,Chlorpropamide,2161
D002749,Chlorprothixene,2162
D004390,Chlorpyrifos,2163
D002750,Chlorquinaldol,2164
D002751,Chlortetracycline,2165
D002752,Chlorthalidone,2166
D002753,Chlorzoxazone,2167
C459539,ChlVPP-EVA regimen,2168
C035405,ChlVPP protocol,2169
C071945,CHOEP protocol,2170
C561233,"cholan-2,3,24-tryl-2,3,24-trisulfate",2171
D002762,Cholecalciferol,2172
C414990,cholera vaccine CVD 103-HgR,2173
C013440,cholesteryl succinate,2174
D019826,Cholic Acid,2175
D002794,Choline,2176
D018680,Cholinergic Antagonists,2177
D002800,Cholinesterase Inhibitors,2178
D002801,Cholinesterase Reactivators,2179
C555710,chong-myung-tang,2180
C034856,CHOP-B protocol,2181
C034587,CHOP protocol,2182
D002839,Chromans,2183
C022990,chromic chloride,2184
D002857,Chromium,2185
C555349,chromium dinicocysteinate,2186
C512471,chromium (D-Phenylalanine)3,2187
C074702,chromium hexavalent ion,2188
C499843,chromium histidinate,2189
C036937,chromium protoporphyrin IX,2190
C079689,chromium tripicolinate,2191
D014128,Chromomycin A3,2192
D002866,Chromonar,2193
C017133,chromous chloride,2194
C043561,chrysin,2195
C101574,chuangxiong extract,2196
C534193,chuanxiong rhizome preparation,2197
C012842,Cibacron Blue F 3GA,2198
C043867,cicaprost,2199
C004566,cicarperone,2200
C038068,cicletanine,2201
D000077768,Ciclopirox,2202
C053708,cicloprolol,2203
C018873,cicloxilic acid,2204
D000077404,Cidofovir,2205
C032151,cifenline,2206
C039671,ciglitazone,2207
C000628468,ciji-hua'ai-baosheng,2208
D015377,Cilastatin,2209
D000077728,"Cilastatin, Imipenem Drug Combination",2210
D017315,Cilazapril,2211
C422910,Cilengitide,2212
C065927,cilnidipine,2213
C433247,Cilomilast,2214
D000077407,Cilostazol,2215
C071542,cimadronate,2216
D002927,Cimetidine,2217
D000069449,Cinacalcet,2218
D002928,Cinanserin,2219
C045316,cinitapride,2220
C481268,cinnabarin,2221
C000483,cinnabarinic acid,2222
C012843,cinnamaldehyde,2223
D002934,Cinnamates,2224
C029010,cinnamic acid,2225
D002936,Cinnarizine,2226
C002471,cinobufagin,2227
D002937,Cinoxacin,2228
C019304,ciprofibrate,2229
D002939,Ciprofloxacin,2230
C057618,cirsilineol,2231
C503589,"cis-9, trans-11-conjugated linoleic acid",2232
D020117,Cisapride,2233
C101584,cisatracurium,2234
D002945,Cisplatin,2235
D015283,Citalopram,2236
C028959,citrated nalidixic acid,2237
D019343,Citric Acid,2238
C108217,citronellal,2239
C007078,citronellol,2240
C040879,citronellyl acetate,2241
D002956,Citrulline,2242
C568079,CK 2018448,2243
C487952,CKD732,2244
D017338,Cladribine,2245
C000597478,claramine,2246
D017291,Clarithromycin,2247
C046249,clavulones,2248
C109641,clazosentan,2249
D002974,Clemastine,2250
D002976,Clenbuterol,2251
C056595,clentiazem,2252
C118563,clevidipine,2253
C034935,clevudine,2254
C054940,clidinium,2255
C453475,climacostol,2256
C108286,climbazole,2257
D002981,Clindamycin,2258
C007084,clindamycin phosphate,2259
C083175,clinoptilolite,2260
D007464,Clioquinol,2261
D000078306,Clobazam,2262
C086108,clobenpropit,2263
D002990,Clobetasol,2264
C010893,clobetasone butyrate,2265
C400760,clodinafop,2266
D004002,Clodronic Acid,2267
D000077866,Clofarabine,2268
D002991,Clofazimine,2269
D002994,Clofibrate,2270
D002995,Clofibric Acid,2271
C022799,clofilium,2272
D002996,Clomiphene,2273
D002997,Clomipramine,2274
D002998,Clonazepam,2275
D003000,Clonidine,2276
D003005,Clopamide,2277
C004503,"clopamide, dihydroergotoxine, reserpine drug combination",2278
C034039,"clopamide, pindolol drug combination",2279
D003006,Clopenthixol,2280
C060342,clopenthixol acetate ester,2281
C040282,cloperastine,2282
D000077144,Clopidogrel,2283
D003009,Clorazepate Dipotassium,2284
C017137,clorexolone,2285
D003010,Clorgyline,2286
C025945,cloricromen,2287
C004665,clorindione,2288
C023342,closantel,2289
C084602,clothiapine,2290
C084599,clotiazepam,2291
D003022,Clotrimazole,2292
D045783,Clove Oil,2293
D003023,Cloxacillin,2294
C005522,cloxazolam,2295
D003024,Clozapine,2296
C050474,CM 30366,2297
C045387,CM 40907,2298
C038335,CMFP protocol,2299
C044626,CMF protocol,2300
C050572,CMFPT protocol,2301
C034456,CMF regimen,2302
C034631,CMFVP protocol,2303
C112433,CMI 392,2304
C053514,CMOPP protocol,2305
C529348,CNB 001,2306
C000593591,coagulin-L,2307
D003033,Coal Tar,2308
C035958,COAP protocol,2309
D003035,Cobalt,2310
C007095,cobaltiprotoporphyrin,2311
C018021,cobaltous chloride,2312
C000913,cobamamide,2313
C016310,cobra venom factor,2314
C066444,cocaethylene,2315
D003042,Cocaine,2316
D000074263,Coconut Oil,2317
D003061,Codeine,2318
D003060,Cod Liver Oil,2319
C463759,codonoposide,2320
C024989,coenzyme Q10,2321
D003069,Coffee,2322
C054084,COFP protocol 2,2323
D003078,Colchicine,2324
D000069472,Colesevelam Hydrochloride,2325
C417427,colestimide,2326
D003084,Colestipol,2327
D005576,Colforsin,2328
D003091,Colistin,2329
C055786,columbamine,2330
D045424,Complex Mixtures,2331
C037238,COMP protocol,2332
D003224,Congo Red,2333
C075384,coniferaldehyde,2334
C106389,conivaptan,2335
C115558,conotoxin AuIB,2336
D003276,"Contraceptives, Oral",2337
D003277,"Contraceptives, Oral, Combined",2338
D003278,"Contraceptives, Oral, Hormonal",2339
C004692,coomassie Brilliant Blue,2340
D056831,Coordination Complexes,2341
C094992,COPE regimen,2342
C522158,COPP-ABVD protocol,2343
D003300,Copper,2344
C030865,"copper bis(3,5-diisopropylsalicylate)",2345
C098468,copper histidine,2346
C089548,copper (II) diacetyl-di(N(4)-methylthiosemicarbazone),2347
C052629,copper pyruvaldehyde bis(N(4)-methylthiosemicarbazone) complex,2348
D019327,Copper Sulfate,2349
C067228,"copper tetrakis(3,5-diisopropylsalicylic acid)",2350
C032282,COPP protocol,2351
C034588,COP protocol 2,2352
C107393,Coptidis rhizoma extract,2353
C411134,cordiaquinone J,2354
C058120,cordycepin,2355
C049096,corilagin,2356
D003314,Corn Oil,2357
C113861,corosolic acid,2358
C000606526,CORT118335,2359
C056590,cortexin,2360
C000713467,cortex Phellodendron,2361
D003345,Corticosterone,2362
C045089,corticotropin releasing hormone (9-41),2363
C446920,"corticotropin-releasing hormone, Pro(5)-",2364
D003348,Cortisone,2365
D003350,Cortodoxone,2366
C558416,corvitin,2367
C487644,corynoline,2368
C002602,costunolide,2369
C007139,costus absolute,2370
D003366,Cosyntropin,2371
D003367,Cotinine,2372
C423222,cotylenin A,2373
D003372,Coumaphos,2374
C030123,coumarin,2375
D003374,Coumarins,2376
D003375,Coumestrol,2377
C101628,CP 154526,2378
C518685,"CP-809,101",2379
C097067,CP 94253,2380
C066892,CP 96345,2381
C034868,CPDD protocol,2382
C408982,CPG-oligonucleotide,2383
C000592522,CPH4-136 compound,2384
C494620,CPS 11,2385
C494622,CPS 49,2386
C513821,CPU0213,2387
C117406,CRA1000,2388
C007145,crataegus extract,2389
C053883,CRE 223,2390
D003401,Creatine,2391
C100173,creatinol phosphate,2392
C000515,cremophor EL,2393
D000077547,Crizotinib,2394
C029036,crocin,2395
D019806,Cromakalim,2396
D004205,Cromolyn Sodium,2397
C551536,CRT 0066101,2398
C037886,cryptotanshinone,2399
C435072,CT 50547,2400
C529311,CTAP octapeptide,2401
C072046,CTCb regimen,2402
C104872,CTVP protocol,2403
C433065,cubebin,2404
C456276,cucurbit(7)uril,2405
C041246,cucurbitacin B,2406
C038105,cucurbitacin D,2407
C102326,cucurbitacin E,2408
C038106,cucurbitacin I,2409
C533013,cudratricusxanthone A,2410
C015092,cupric acetate,2411
C029892,cupric chloride,2412
C547324,(Cu(Py-3')TPP-Ru(phen)2Cl)(PF6),2413
D003474,Curcumin,2414
C022801,curcumol,2415
C037913,CV 3988,2416
C064396,CVAD protocol,2417
C037162,CVB protocol,2418
C056619,CVD protocol,2419
C034078,CVPP protocol,2420
C066512,CVPP regimen,2421
C101948,CVS 1123,2422
C550386,CVT-10216,2423
C545184,CX 3543,2424
C100322,CX 397,2425
C557717,CX 5461,2426
C418807,CX 659S,2427
C542518,CX717,2428
C054531,CY 208-243,2429
D003484,Cyanamide,2430
C017154,cyanidin,2431
C462279,cyanidin-3-O-beta-glucopyranoside,2432
C000596494,cyanidin 3-O-glucopyranoside,2433
C057862,cyanoginosin LR,2434
D003495,Cyclandelate,2435
D003496,Cyclazocine,2436
D000242,Cyclic AMP,2437
D006152,Cyclic GMP,2438
D003501,Cyclizine,2439
C092113,cyclo(arginyl-glycyl-aspartyl-phenylalanyl-valyl),2440
C100089,cycloartenol,2441
C004704,cyclobenzaprine,2442
D003505,Cyclodextrins,2443
D003506,Cyclofenil,2444
C560272,"cyclohexanecarboxylic acid (3-(2,5-dimethylbenzyloxy)-4-(methanesulfonylmethylamino)phenyl)amide",2445
D003510,Cyclohexanes,2446
C007193,cyclohexene oxide,2447
D003513,Cycloheximide,2448
C500528,cyclohexyl carbamic acid 3'-carbamoylbiphenyl-3-yl ester,2449
C445694,cyclo(leucyl-prolyl),2450
C540261,cyclo-L-glycyl-L-2-allylproline,2451
D052246,Cyclooxygenase 2 Inhibitors,2452
D016861,Cyclooxygenase Inhibitors,2453
C000541,cyclopamine,2454
D003518,Cyclopenthiazide,2455
D003519,Cyclopentolate,2456
D003520,Cyclophosphamide,2457
C084603,cyclorphan,2458
D003523,Cycloserine,2459
D016572,Cyclosporine,2460
D003524,Cyclosporins,2461
C004639,cyclothiazide,2462
C072247,cyclo(Trp-Asp-Pro-Val-Leu),2463
C118539,cyclo(tryptophyl-prolyl),2464
C032939,cyclovirobuxine D,2465
C037304,cyhalothrin,2466
C583602,CYM51010,2467
C403944,cynandione A,2468
C035879,CYOMAD protocol,2469
C017160,cypermethrin,2470
C058450,cyprodime,2471
D003533,Cyproheptadine,2472
D003534,Cyproterone,2473
D017373,Cyproterone Acetate,2474
C032640,"Cyproterone acetate, ethinyl estradiol drug combination",2475
D003538,Cystamine,2476
D003543,Cysteamine,2477
D003544,Cysteic Acid,2478
D003545,Cysteine,2479
D015853,Cysteine Proteinase Inhibitors,2480
D003553,Cystine,2481
D003561,Cytarabine,2482
D003566,Cytidine Diphosphate Choline,2483
C004712,cytisine,2484
D003596,Cytosine,2485
D054697,Cytostatic Agents,2486
C034901,CYVADIC protocol,2487
C504503,D 004 extract,2488
C532102,D-161 compound,2489
C559089,DA 8031,2490
D000069604,Dabigatran,2491
C561627,dabrafenib,2492
D003606,Dacarbazine,2493
C549273,daclatasvir,2494
D003609,Dactinomycin,2495
C531198,dactolisib,2496
C004742,daidzein,2497
C013908,daidzin,2498
C469289,dalbavancin,2499
C411602,dalcetrapib,2500
D017985,Dalteparin,2501
C051762,daltroban,2502
C019161,damvar,2503
C035838,danaparoid,2504
D003613,Danazol,2505
C477279,danggui buxue decoction,2506
C496026,dang-gui-ji-hwang-yeum,2507
C531150,danggui-shaoyao-san,2508
C073318,danitracen,2509
C539199,danqi piantang jiaonang,2510
C028972,dan-shen root extract,2511
D003620,Dantrolene,2512
C523797,danusertib,2513
C529054,dapagliflozin,2514
C039952,daphnetin,2515
C080598,dapoxetine,2516
D003622,Dapsone,2517
D017576,Daptomycin,2518
C109268,darbufelone,2519
C569750,darexaban,2520
C570990,darexaban glucuronide,2521
C101207,darifenacin,2522
C515055,darinaparsin,2523
C034600,darodipine,2524
C107831,darusentan,2525
C588260,dasabuvir,2526
D000069439,Dasatinib,2527
C039418,DAT protocol 1,2528
D003630,Daunorubicin,2529
C020270,daunorubicin-DNA,2530
C035934,dauricine,2531
C068766,davallialactone,2532
C038381,DAV protocol,2533
C060154,DAV regimen,2534
C039242,dazmegrel,2535
C029166,dazoxiben,2536
C100699,DC 015,2537
C568335,DCB-SLE1,2538
C465960,DCEP protocol,2539
D003634,DDT,2540
C039678,deacetylmoxisylyte,2541
D003894,Deamino Arginine Vasopressin,2542
D003642,Deanol,2543
C004777,deanol acetamidobenzoate,2544
C000609387,DEAP-C16Y peptide,2545
C554269,deapio-platycodin D2,2546
C000593592,deapi-platycodin D,2547
D003647,Debrisoquin,2548
C033019,decamethonium,2549
C017180,decamethrin,2550
C055401,"decanedioic acid-4,4'-(1,3-propanediylbis(oxy))bis(benzoic acid) copolymer",2551
D003652,Decanoic Acids,2552
C038820,DECAV protocol,2553
D000077209,Decitabine,2554
C101278,decursin,2555
D000077588,Deferasirox,2556
D000077543,Deferiprone,2557
D003676,Deferoxamine,2558
C036901,defibrotide,2559
C021988,deflazacort,2560
C107676,deguelin,2561
C478098,dehydroandrographolide,2562
D003683,Dehydroascorbic Acid,2563
C083030,dehydrocostus lactone,2564
C000597852,dehydrocrenatidine,2565
C547186,dehydroeburicoic acid,2566
C573784,dehydroeffusol,2567
C086742,dehydroemetine,2568
D003687,Dehydroepiandrosterone,2569
D019314,Dehydroepiandrosterone Sulfate,2570
C028633,dehydroevodiamine,2571
C000609571,dehydrofukinone,2572
C464444,dehydroxymethylepoxyquinomicin,2573
C477891,delafloxacin,2574
C047759,delapril,2575
D020008,Delavirdine,2576
C060956,Delequamine,2577
C073738,delmopinol,2578
C017185,delphinidin,2579
C035731,delta-8-tetrahydrocannabinol,2580
C025351,delta(9)-tetrahydrocannabinolic acid,2581
C114767,delta-aminolevulinic acid methyl ester,2582
D003701,Delta Sleep-Inducing Peptide,2583
C060209,"deltorphin II, Ala(2)-",2584
D003707,Demeclocycline,2585
C050229,demethoxycurcumin,2586
C002077,dendrobine,2587
C054959,dendrodoine,2588
C546793,dendropanoxide,2589
C078456,denileukin diftitox,2590
C037293,denopamine,2591
C465279,denufosol tetrasodium,2592
D003847,Deoxyglucose,2593
C007262,deoxynivalenol,2594
C014451,deoxypodophyllotoxin,2595
D003879,Dermatologic Agents,2596
C529402,des-aspartate-angiotensin I,2597
C064848,desethyl KB 3022,2598
D000077335,Desflurane,2599
C411297,desglucoanagalloside B,2600
D003891,Desipramine,2601
C060225,desirudin,2602
C121345,desloratadine,2603
C040463,desmethylastemizole,2604
C028701,desmethyldoxepin,2605
C521776,Desmodium gangeticum extract,2606
D017135,Desogestrel,2607
D003898,Desonide,2608
D003899,Desoximetasone,2609
D003900,Desoxycorticosterone,2610
C040424,destruxin B,2611
D000069468,Desvenlafaxine Succinate,2612
C017218,detorubicin,2613
C552681,deuterohemin-alanyl-histidyl-threonyl-valyl-glutamyl-lysine,2614
C000609690,deutetrabenazine,2615
D020109,Devazepide,2616
C086095,Dexa-BEAM protocol,2617
D003907,Dexamethasone,2618
C004180,dexamethasone 21-phosphate,2619
C028075,dexamisole,2620
C099405,dexelvucitabine,2621
D003909,Dexetimide,2622
D020372,Dexfenfluramine,2623
C118296,dexketoprofen trometamol,2624
C103490,dexloxiglumide,2625
D020927,Dexmedetomidine,2626
C007288,dexpanthenol,2627
D064730,Dexrazoxane,2628
D003911,Dextrans,2629
D003913,Dextroamphetamine,2630
D003915,Dextromethorphan,2631
C507057,dextromethorphan - quinidine combination,2632
D011431,Dextropropoxyphene,2633
D003917,Dextrorphan,2634
D003918,Dextrothyroxine,2635
C571832,"D-Glucaric acid, 1,4-lactone",2636
C001845,D-glucaro-delta-lactam,2637
C056642,DHAP protocol,2638
C496347,"DHC-1, herbal formulation",2639
C025292,diacerein,2640
C025527,diacetolol,2641
C029569,diacetyldichlorofluorescein,2642
C004717,diacetylmonoxime,2643
C020733,diadenosine tetraphosphate,2644
C028009,diallyl disulfide,2645
C431585,diallyl tetrasulfide,2646
C042577,diallyl trisulfide,2647
C083097,diaoxinxuekang,2648
D003973,Diatrizoate,2649
D003975,Diazepam,2650
D003976,Diazinon,2651
D003981,Diazoxide,2652
D012531,"Dibenz(b,f)(1,4)oxazepine-10(11H)-carboxylic acid, 8-chloro-, 2-acetylhydrazide",2653
C084605,dibenzepin,2654
C026164,dibenzothiophene-4-carboxylic acid,2655
D003990,Dibenzoxepins,2656
C061481,dibenzoylmethane,2657
D003983,Dibenzylchlorethamine,2658
C542282,dibutyldi(4-chlorobenzohydroxamato)tin(IV),2659
D003993,Dibutyl Phthalate,2660
D003995,Dibutyryl Cyclic GMP,2661
C100106,dicarbine,2662
C069295,DICE protocol,2663
C055869,dichlobanil,2664
C007333,dichloralantipyrine,2665
C570631,dichlorido-zinc(II)-4-(2-(5-methoxybenzylideneamino)ethyl)piperazin-1-iumphenolate,2666
D003999,Dichloroacetic Acid,2667
D003633,Dichlorodiphenyl Dichloroethylene,2668
D004003,Dichlorophen,2669
D004004,Dichlororibofuranosylbenzimidazole,2670
D004006,Dichlorvos,2671
D004008,Diclofenac,2672
D004009,Dicloxacillin,2673
D001728,Dicumarol,2674
D004025,Dicyclomine,2675
C004454,"dicyclomine, doxylamine, pyridoxine drug combination",2676
D016049,Didanosine,2677
C030051,didemnins,2678
C018266,didepil,2679
C503840,dieckol,2680
D004026,Dieldrin,2681
C023635,dienogest,2682
D004041,Dietary Fats,2683
D004043,Dietary Fiber,2684
D019422,Dietary Sucrose,2685
C502471,diethoxyphosphoryloxymethyl butanoate,2686
C512415,diethyl 2-phenyl-2 tellurophenyl vinylphosphonate,2687
D004049,Diethylcarbamazine,2688
C005391,diethylenetriamine,2689
D004051,Diethylhexyl Phthalate,2690
C027452,diethyl ketone,2691
C014476,diethyl maleate,2692
D004052,Diethylnitrosamine,2693
D004053,Diethylpropion,2694
D004054,Diethylstilbestrol,2695
C454662,diethyl sulfoxide,2696
C012284,diethyxime,2697
C006648,"difebarbamate, febarbamate, phenobarbital drug combination",2698
C014477,diflorasone,2699
D004061,Diflunisal,2700
C100108,diftalone,2701
C534866,digalloylresveratrol,2702
C034791,digitalin,2703
D004071,Digitalis Glycosides,2704
D004074,Digitoxin,2705
D004077,Digoxin,2706
D017323,Dihematoporphyrin Ether,2707
D004078,Dihydralazine,2708
C061532,dihydrexidine,2709
C010711,dihydroactinidiolide,2710
D004079,Dihydro-beta-Erythroidine,2711
C014481,dihydrocodeine,2712
D025441,Dihydroergocornine,2713
D025442,Dihydroergocristine,2714
D025443,Dihydroergocryptine,2715
D004087,Dihydroergotamine,2716
D004088,Dihydroergotoxine,2717
C015144,dihydrolipoic acid,2718
C472036,dihydromyricetin,2719
D004095,Dihydropyridines,2720
D004096,Dihydrostreptomycin Sulfate,2721
D004097,Dihydrotachysterol,2722
C000713095,dihydrotanshinone I,2723
D013196,Dihydrotestosterone,2724
D004098,Dihydroxyacetone,2725
D004100,Dihydroxycholecalciferols,2726
D004295,Dihydroxyphenylalanine,2727
C024808,"diisopropyl 1,3-dithiol-2-ylidenemalonate",2728
D054659,Diketopiperazines,2729
D004109,Dilazep,2730
C574213,dilmapimod,2731
D004110,Diltiazem,2732
C012621,dimemorfan,2733
D004111,Dimenhydrinate,2734
D004112,Dimercaprol,2735
C552122,dimerumic acid,2736
D004115,Dimethindene,2737
C100197,dimethophrine,2738
C521105,dimethoxycurcumin,2739
C510843,"dimethyl-4,4'-dimethoxy-5,6,5',6'-dimethylene dioxybiphenyl-2,2'-dicarboxylate",2740
C548477,dimethylaminoethanol pyroglutamate,2741
C577929,dimethylaminomicheliolide,2742
C062856,dimethylarsine,2743
D004125,Dimethyldithiocarbamate,2744
D000069462,Dimethyl Fumarate,2745
C025910,dimethyl sulfone,2746
D004121,Dimethyl Sulfoxide,2747
C003915,diminazene aceturate,2748
C085079,dimiracetam,2749
D004134,Dimyristoylphosphatidylcholine,2750
C002773,dimyristoylphosphatidylglycerol,2751
C002049,dinitramine,2752
D004137,Dinitrochlorobenzene,2753
D015237,Dinoprost,2754
D015232,Dinoprostone,2755
C465368,dinotefuran,2756
D004143,Dioctyl Sulfosuccinic Acid,2757
C019357,dioscin,2758
D004144,Diosgenin,2759
C039602,diosmetin,2760
D004145,Diosmin,2761
C098394,dioxolane guanosine,2762
D004155,Diphenhydramine,2763
C004858,diphenidol,2764
C064870,diphenylantimony diisopropyldithiophosphate,2765
C064871,diphenylantimony diphenyldithiophosphinate,2766
C061132,diphenyldiselenide,2767
C007517,diphenyleneiodonium,2768
C031291,diphenyliodonium,2769
C495419,diphenylmethyl selenocyanate,2770
D011756,Diphosphates,2771
D004164,Diphosphonates,2772
C007527,dipipanone,2773
C015173,dipivefrin,2774
C561431,dipotassium trioxohydroxytetrafluorotriborate,2775
C035916,dipropizine,2776
C004651,dipropylacetamide,2777
D004176,Dipyridamole,2778
D004177,Dipyrone,2779
C403315,diquafosol,2780
C053853,dirithromycin,2781
C006208,dironyl,2782
D019483,Disintegrins,2783
D004206,Disopyramide,2784
C120851,disufenton sodium,2785
D004220,Disulfides,2786
D004221,Disulfiram,2787
D045785,"Diterpenes, Clerodane",2788
D004229,Dithiothreitol,2789
D004050,Ditiocarb,2790
D004232,Diuretics,2791
D016291,Dizocilpine Maleate,2792
C000602801,DJK-5 peptide,2793
C478085,D-JNKI-1,2794
C558638,DLBS 1425,2795
C416655,DM 235,2796
D004280,Dobutamine,2797
D000077143,Docetaxel,2798
D004281,Docosahexaenoic Acids,2799
C111716,docosahexaenoylascorbic acid,2800
C528070,docosahexaenoyl-paclitaxel,2801
C063533,dofetilide,2802
C060344,dolasetron,2803
D004294,Domperidone,2804
D000077265,Donepezil,2805
C069202,Donnatal,2806
D004298,Dopamine,2807
D018491,Dopamine Agonists,2808
D018492,Dopamine Antagonists,2809
C046318,dopexamine,2810
C051309,doqualast,2811
C452139,doramapimod,2812
C084101,doramectin,2813
C516138,dorsomorphin,2814
C062765,dorzolamide,2815
C479140,dorzolamide-timolol combination,2816
D004308,Dothiepin,2817
C010134,doxantrazole,2818
D004315,Doxapram,2819
D017292,Doxazosin,2820
D004316,Doxepin,2821
C025034,doxifluridine,2822
C029797,doxofylline,2823
D004317,Doxorubicin,2824
C085780,doxorubicin(6-maleimidocaproyl)hydrazone,2825
D004318,Doxycycline,2826
C514017,DP 155,2827
C472242,DR-4004,2828
C060327,dracorhodin,2829
C525191,dragon's blood,2830
C469416,drimanial,2831
D013759,Dronabinol,2832
D000077764,Dronedarone,2833
D004329,Droperidol,2834
C534342,drospirenone and ethinyl estradiol combination,2835
C001387,drotebanol,2836
C421124,drotrecogin alfa activated,2837
D015103,Droxidopa,2838
D004365,"Drugs, Chinese Herbal",2839
C588213,DSF-27 compound,2840
C012102,DSP 4,2841
C470178,DT-PACE protocol,2842
D000068736,Duloxetine Hydrochloride,2843
C064874,DuP 697,2844
D004391,Dust,2845
D000068538,Dutasteride,2846
C068645,duteplase,2847
C586691,duvelisib,2848
C523098,DVP regimen,2849
D004394,Dydrogesterone,2850
C502814,"dynorphin A-(1-11)-NH2, Nalpha-benzylTyr(1)-cyclo(Asp(5)-Dap(8))-",2851
D004399,Dynorphins,2852
D004400,Dyphylline,2853
C083427,(E)-3-((((6-(2-carboxyethenyl)-5-((8-(4-methoxyphenyl)octyl)oxy)-2-pyridinyl)methyl)thio)methyl)benzoic acid,2854
C063968,E 4031,2855
C479799,(E)-4-((2-N-(4-methoxybenzenesulfonyl)amino)stilbazole)1-oxide,2856
C064507,E 6080,2857
C078046,EB 1053,2858
C058249,ebastine,2859
C057139,ebiratide,2860
C034547,eboracin,2861
C075156,ebrotidine,2862
C042986,ebselen,2863
C004867,eburicoic acid,2864
C407907,EBVD protocol,2865
C053429,EBVP protocol,2866
C521363,EC131 conjugate,2867
C520389,EC145,2868
C511194,ecallantide,2869
C034524,ecgonine methyl ester,2870
C060297,echinacoside,2871
D054714,Echinocandins,2872
C022999,echinocystic acid,2873
C035381,ECHO protocol,2874
D004456,Echothiophate Iodide,2875
D004464,Econazole,2876
C058081,ecopipam,2877
C098534,EC regimen,2878
C061181,EDAP regimen,2879
D000077553,Edaravone,2880
C040210,edatrexate,2881
D004492,Edetic Acid,2882
C106246,Edotreotide,2883
C552171,edoxaban,2884
D004491,Edrophonium,2885
C532150,efalex,2886
C062597,efaroxan,2887
C098320,efavirenz,2888
C066425,efonidipine,2889
C070949,EFP protocol,2890
C104753,eglumetad,2891
C000721090,EGPI-1 compound,2892
C046770,EGTA acetoxymethyl ester,2893
D004533,Egtazic Acid,2894
C054715,EGYT 3615,2895
C506907,EHT 1864,2896
C025421,"eicosa-8,11,14-trien-5-ynoic acid",2897
D015118,Eicosapentaenoic Acid,2898
C035276,eicosapentaenoic acid ethyl ester,2899
C413879,EKB 569,2900
C539351,elagolix,2901
C547512,eldecalcitol,2902
D004573,Electrolytes,2903
C038905,elemene,2904
C004934,eleostearic acid,2905
C512195,elesclomol,2906
C115647,eletriptan,2907
C063124,ELF protocol,2908
C063839,elgodipine,2909
D004610,Ellagic Acid,2910
C034192,ellipticine,2911
C520809,eltrombopag,2912
C583636,eluxadoline,2913
C007586,elymoclavine,2914
C443359,emamectin,2915
C108024,emamectin benzoate,2916
C010945,embelin,2917
C109119,embusartan,2918
C529593,EMD 527040,2919
C043345,emedastine,2920
D004640,Emetine,2921
C053194,Emitefur,2922
D004642,Emodin,2923
C583240,emodin-6-O-glucoside,2924
C526172,emodin-8-O-beta-D-glucoside,2925
C052752,emopamil,2926
C070020,emoxypine succinate,2927
C570240,empagliflozin,2928
D000068679,Emtricitabine,2929
D000069480,"Emtricitabine, Tenofovir Disoproxil Fumarate Drug Combination",2930
D004655,Emulsions,2931
C476326,"((E)-N-4-(1,2,3,4-tetrahydroisoquinolin-2-yl)butyl)-3-phenylacrylamide",2932
C067110,enadoline,2933
D004656,Enalapril,2934
D015773,Enalaprilat,2935
D004659,Enbucrilate,2936
D016700,Encainide,2937
D063388,Endocannabinoids,2938
C105293,endomorphin 1,2939
C105294,endomorphin 2,2940
C070187,"(endo-N-8-methyl-8-azabicyclo(3.2.1)oct-3-yl)-2,3-dihydro-3-ethyl-2-oxo-1H-benzimidazol-1-carboxamide",2941
D043169,Endostatins,2942
C544689,endosulfan sulfate,2943
D004731,Endotoxins,2944
C493512,energostim,2945
C019126,enfenamic acid,2946
D004737,Enflurane,2947
D000077560,Enfuvirtide,2948
C521984,enhydrin,2949
C017435,enilconazole,2950
C073482,eniluracil,2951
C079927,enisamium iodide,2952
D020875,"Enkephalin, Ala(2)-MePhe(4)-Gly(5)-",2953
D020881,"Enkephalin, D-Penicillamine (2,5)-",2954
C040996,"enkephalin-Leu, Ala(2)-Arg(6)-",2955
D004743,"Enkephalin, Leucine",2956
D016308,"Enkephalin, Leucine-2-Alanine",2957
C015019,enocitabine,2958
D015365,Enoxacin,2959
D017984,Enoxaparin,2960
D017335,Enoximone,2961
C034347,enprofylline,2962
C098288,enrasentan,2963
C530049,"ent-1,3,6,11-tetrahydroxykaur-16-ene-15-one 3,11-diacetate",2964
C071192,entacapone,2965
C413685,entecavir,2966
C034959,"enterotoxin C, staphylococcal",2967
C118739,entinostat,2968
C000624697,ENV-2 compound,2969
C540278,enzalutamide,2970
D004791,Enzyme Inhibitors,2971
D045762,Enzymes and Coenzymes,2972
C026586,EO 122,2973
D010697,Eosine I Bluish,2974
C009985,EP 19-088,2975
C000613752,epacadostat,2976
C038131,epalrestat,2977
C038616,epanolol,2978
C030848,eperisone,2979
D004809,Ephedrine,2980
C082748,epibatidine,2981
C062669,epicatechin gallate,2982
C111646,epidoxoform,2983
C576796,epigallocatechin-3-O-gallate epigallocatechin dimer,2984
C045651,epigallocatechin gallate,2985
C000632884,epimedokoreanin B,2986
D004836,Epimestrol,2987
C053090,epinastine,2988
C521392,"epinecidin-1, Epinephelus coioides",2989
D004837,Epinephrine,2990
D015251,Epirubicin,2991
C572014,E platinum,2992
D000077545,Eplerenone,2993
C079446,EPOCH protocol,2994
C103998,epoetin beta,2995
C516023,epoetin delta,2996
C031365,epomediol,2997
D011464,Epoprostenol,2998
C093787,epothilone A,2999
C093788,epothilone B,3000
C078846,epoxomicin,3001
C068373,eprosartan,3002
D000077542,Eptifibatide,3003
C581325,EPZ004777,3004
D060754,Equol,3005
C104066,ER 30346,3006
C477224,erastin,3007
C000604580,erdafitinib,3008
C048498,erdosteine,3009
C002601,eremanthin,3010
D004872,Ergocalciferols,3011
D004873,Ergolines,3012
D004874,Ergonovine,3013
C549042,"ergosta-7,22-dien-5-hydroxy-3,6-dione",3014
C036071,"ergosterol-5,8-peroxide",3015
D004876,Ergot Alkaloids,3016
D004878,Ergotamine,3017
D004879,Ergotamines,3018
D004880,Ergothioneine,3019
C000627437,Erhuang formula,3020
C477638,Erianin,3021
C529414,erigeroflavanone,3022
C007619,eriodictyol,3023
C084060,eristostatin,3024
C512420,eritoran,3025
D000069347,Erlotinib Hydrochloride,3026
D000077727,Ertapenem,3027
C570288,ertugliflozin,3028
C049811,erucic acid,3029
C472787,"erucylphospho-N,N,N-trimethylpropylammonium",3030
C517980,er-xian decoction,3031
D004917,Erythromycin,3032
D004918,Erythromycin Estolate,3033
C011462,erythromycin stearate,3034
D004923,Erythrosine,3035
C056644,ESAP protocol,3036
D004928,Escin,3037
C007628,esculetin,3038
D004929,Esculin,3039
C097008,ESHAP regimen,3040
C416835,eslicarbazepine acetate,3041
C036604,esmolol,3042
C030851,esorubicin,3043
C011246,essential 303 forte,3044
D004949,Estazolam,3045
D004958,Estradiol,3046
C074283,estradiol 3-benzoate,3047
D045166,Estradiol Congeners,3048
C488382,estradiol-drospirenone combination,3049
C007633,estragole,3050
D004961,Estramustine,3051
D004964,Estriol,3052
D004967,Estrogens,3053
D004966,"Estrogens, Conjugated (USP)",3054
D004970,Estrone,3055
D000069582,Eszopiclone,3056
D017341,Etanidazole,3057
C060314,etazepine,3058
C069967,ETH 615,3059
D004976,Ethacrynic Acid,3060
D004977,Ethambutol,3061
D000431,Ethanol,3062
C033343,ethanolamine oleate,3063
D004986,Ether,3064
D004997,Ethinyl Estradiol,3065
C442659,ethinyl estradiol-desogestrel combination,3066
D019304,Ethinyl Estradiol-Norgestrel Combination,3067
D004998,Ethiodized Oil,3068
D005000,Ethionamide,3069
D005001,Ethionine,3070
D005013,Ethosuximide,3071
C000025,"ethosuximide, quinacrine drug combination",3072
D005015,Ethoxyquin,3073
D005016,Ethoxzolamide,3074
C027641,ethybenztropine,3075
C403134,ethyl-3-(4'-geranyloxy-3'-methoxyphenyl)-2-propenoate,3076
C507035,ethyl 6-(N-(2-chloro-4-fluorophenyl)sulfamoyl)cyclohex-1-ene-1-carboxylate,3077
D005018,Ethyl Chloride,3078
C504648,"ethyl(E,E,E)-7-(2-n-propoxy-5,5,8,8-tetramethyl-5,6,7,8-tetrahydro-naphthalen-3-yl)-6-fluorp-3-methylocta-2,4,6-trienoate",3079
D005029,Ethylenediamines,3080
C039614,ethylisopropylamiloride,3081
D016314,Ethylketocyclazocine,3082
C029617,ethyl loflazepate,3083
C108318,ethyl methylphosphonic acid,3084
D005036,Ethylmorphine,3085
C100807,ethyl N-allyl-N-(2-methyl-3-(4-(4-amidinophenoxycarbonyl)phenyl)propenoyl)aminoacetate methanesulfonate,3086
C012313,ethyl-p-hydroxybenzoate,3087
C046522,ethyl pyruvate,3088
D005040,Ethynodiol Diacetate,3089
C045989,eticlopride,3090
D005041,Etidocaine,3091
D012968,Etidronic Acid,3092
C002125,etifoxine,3093
D005039,Etilefrine,3094
C481190,etilevodopa,3095
C044610,etizolam,3096
D017308,Etodolac,3097
D005045,Etomidate,3098
C054207,etomoxir,3099
C044815,etonogestrel,3100
C013528,etoperidone,3101
D005047,Etoposide,3102
D000077613,Etoricoxib,3103
D005048,Etorphine,3104
C425385,ET protocol,3105
C451734,etravirine,3106
D005050,Etretinate,3107
D000077591,Eucalyptol,3108
D005054,Eugenol,3109
C028995,"eugenol, zinc oxide dental cavity lining",3110
C433928,EUK-134,3111
C436526,EUK-189,3112
C041877,eumelanin,3113
C503624,eupafolin,3114
C045325,eupatilin,3115
C506425,eurycomanone,3116
C078927,eurystatin A,3117
C078928,eurystatin B,3118
C075765,EVAP protocol,3119
C087783,EVA regimen,3120
C028498,evening primrose oil,3121
D000068338,Everolimus,3122
C010152,eviprostat,3123
C049639,evodiamine,3124
C562064,EVP 4593,3125
D018691,Excitatory Amino Acid Antagonists,3126
C056516,exemestane,3127
D000077270,Exenatide,3128
C052932,exifone,3129
C063007,"exoenzyme C3, Clostridium botulinum",3130
D000069438,Ezetimibe,3131
D000069499,"Ezetimibe, Simvastatin Drug Combination",3132
C101866,ezogabine,3133
C099723,F 314,3134
D017316,Fadrozole,3135
C018541,falcarinol,3136
C030532,falipamil,3137
D000077595,Famciclovir,3138
C004992,famophos,3139
D015738,Famotidine,3140
C031179,FAM protocol,3141
C001205,"fanasil, pyrimethamine drug combination",3142
C060802,fangchinoline,3143
D005204,Farnesol,3144
C112353,farnesylthioacetic acid,3145
C093323,farnesylthiosalicylic acid,3146
C007704,Fast Green FCF,3147
C049347,fasudil,3148
C545733,fatostatin,3149
D005223,Fats,3150
D005228,"Fatty Acids, Essential",3151
D015525,"Fatty Acids, Omega-3",3152
D043371,"Fatty Acids, Omega-6",3153
D005231,"Fatty Acids, Unsaturated",3154
D005232,"Fatty Acids, Volatile",3155
D054872,Fatty Acid Synthesis Inhibitors,3156
D005233,Fatty Alcohols,3157
C462182,favipiravir,3158
C084773,fazadinium,3159
C075500,FCC13,3160
C471268,FD137 nitrosourea,3161
C113337,FDE protocol,3162
C017309,febantel,3163
C001207,febrifugine,3164
D000069465,Febuxostat,3165
C471469,FeCl tetrakis-2-(triethyleneglycolmonomethylether)pyridylporphyrin,3166
C052498,FEC protocol,3167
C500582,Feitai,3168
D000078328,Felbamate,3169
D015736,Felodipine,3170
C033789,fenarimol,3171
D005273,Fenbendazole,3172
C012970,fenclofenac,3173
D005275,Fendiline,3174
C038996,fenflumizole,3175
D005277,Fenfluramine,3176
C032794,fenobam,3177
D011345,Fenofibrate,3178
D018818,Fenoldopam,3179
D005279,Fenoprofen,3180
D005280,Fenoterol,3181
C030809,"fenoterol, ipratropium drug combination",3182
D017313,Fenretinide,3183
D005283,Fentanyl,3184
D005284,Fenthion,3185
C100112,fentonium,3186
C056164,fenugreek seed meal,3187
C078462,fepradinol,3188
D005290,Ferric Compounds,3189
C035552,ferric gluconate,3190
C000499,ferric oxide,3191
D000077605,"Ferric Oxide, Saccharated",3192
C049051,ferric pyrophosphate,3193
C421458,ferric-sorbitol-citrate,3194
C024823,ferric sulfate,3195
C479230,ferroquine,3196
C573944,ferrostatin-1,3197
C031621,ferrous fumarate,3198
C020748,ferrous sulfate,3199
C431074,ferruginol,3200
C004999,ferulic acid,3201
C112517,ferulinolol,3202
C474615,fexaramine,3203
C093230,fexofenadine,3204
C056723,FG 9041,3205
C010285,fibric acid,3206
D058607,Fibric Acids,3207
D005343,Fibrinolytic Agents,3208
D005344,Fibrinopeptide A,3209
D005345,Fibrinopeptide B,3210
D005363,Ficusin,3211
C077139,fidarestat,3212
D000069585,Filgrastim,3213
C542911,filicene,3214
D005372,Filipin,3215
C558933,fimasartan,3216
D018120,Finasteride,3217
D000068876,Fingolimod Hydrochloride,3218
C082360,fipronil,3219
C017875,fisetin,3220
D005395,Fish Oils,3221
C112463,FK 317 dihydrobenzoxazine,3222
C561949,FK3453,3223
C062761,FK 664,3224
C078949,FK 888,3225
C054974,FK 973,3226
C087490,FLAG protocol,3227
C504746,flavangenol,3228
C028610,flavanone,3229
D005182,Flavin-Adenine Dinucleotide,3230
C544478,flavocoxid,3231
C500809,flavokawain A,3232
C452039,flavokawain B,3233
D047309,Flavones,3234
D005419,Flavonoids,3235
D044948,Flavonols,3236
D005422,Flavoxate,3237
D005424,Flecainide,3238
C087705,FLEP regimen,3239
D016576,Fleroxacin,3240
C056895,flesinoxan,3241
C047847,flestolol,3242
C548902,FLLL 32,3243
C400981,FLMP protocol,3244
C084600,floctafenine,3245
C045693,flomoxef,3246
C047316,flosequinan,3247
D005436,Floxacillin,3248
D005467,Floxuridine,3249
D015725,Fluconazole,3250
D005437,Flucytosine,3251
C024352,fludarabine,3252
D005438,Fludrocortisone,3253
C034635,fludrocortisone acetate,3254
D005439,Flufenamic Acid,3255
C017673,fluindione,3256
D005442,Flumazenil,3257
D005444,Flunarizine,3258
C007734,flunisolide,3259
D005445,Flunitrazepam,3260
D005446,Fluocinolone Acetonide,3261
D005447,Fluocinonide,3262
D005448,Fluocortolone,3263
D005449,Fluorenes,3264
D005459,Fluorides,3265
D005466,Fluorocarbons,3266
C031843,fluoromisonidazole,3267
D024841,Fluoroquinolones,3268
D005472,Fluorouracil,3269
D005473,Fluoxetine,3270
D005474,Fluoxymesterone,3271
C065161,fluparoxan,3272
D005475,Flupenthixol,3273
C007761,flupenthixol decanoate,3274
C041528,fluperlapine,3275
D005476,Fluphenazine,3276
C011825,fluphenazine depot,3277
C017610,fluphenazine enanthate,3278
C054627,fluphenazine sulfoxide,3279
C034161,flupirtine,3280
D005479,Flurazepam,3281
D005480,Flurbiprofen,3282
C084587,fluroxene,3283
D005484,Fluspirilene,3284
D005485,Flutamide,3285
D000068298,Fluticasone,3286
D000068297,Fluticasone-Salmeterol Drug Combination,3287
C010227,flutonidine,3288
D000077340,Fluvastatin,3289
D016666,Fluvoxamine,3290
C045849,F-MACHOP protocol,3291
C000713215,Foeniculum vulgare fruit,3292
C519846,folate-heparin-lithocholate,3293
C410216,Folfox protocol,3294
D005492,Folic Acid,3295
D000077604,Fomepizole,3296
C091346,fomivirsen,3297
D000077425,Fondaparinux,3298
D005557,Formaldehyde,3299
C014594,formestane,3300
C007768,formononetin,3301
C067584,formosanin C,3302
D000068759,Formoterol Fumarate,3303
C502480,formylchromone,3304
C058049,forsythiaside,3305
C000609944,Fortasyn Connect,3306
C426859,fosamprenavir,3307
C058728,fosbretabulin,3308
D017245,Foscarnet,3309
C035950,fosfedil,3310
C004955,fosfestrol,3311
D005578,Fosfomycin,3312
D017328,Fosinopril,3313
C043114,fosphenytoin,3314
C054368,fotemustine,3315
C006312,FPL 55712,3316
C572629,FPS-ZM1,3317
C096036,FR 118487,3318
C077882,FR 121196,3319
C079574,FR 139317,3320
C104334,FR 167653,3321
C105311,FR 173657,3322
C073992,FR 64822,3323
D065260,Frankincense,3324
C075391,fraxinellone,3325
C430591,frederine,3326
D016166,Free Radical Scavengers,3327
C018066,frenolicin B,3328
D005620,Freund's Adjuvant,3329
C108128,frovatriptan,3330
C116580,fructooligosaccharide,3331
D005632,Fructose,3332
C029063,"fructose-1,6-diphosphate",3333
C009252,"fructus schizandrae, radix ginseng, radix ophiopogonis drug combination",3334
C007789,fucoidan,3335
C015896,fucosterol,3336
C025164,fucoxanthin,3337
C473894,fujiflavone P40,3338
C069837,fullerene C60,3339
D037741,Fullerenes,3340
C408042,fullerol C60(OH)24,3341
D000077267,Fulvestrant,3342
C005023,fulvic acid,3343
C026211,fumagillin,3344
D005650,Fumarates,3345
C032005,fumaric acid,3346
C000599091,fumosorinone,3347
D062610,Fungal Polysaccharides,3348
C007795,furaltadon,3349
D005663,Furans,3350
D005664,Furazolidone,3351
C039936,furegrelate,3352
D005665,Furosemide,3353
D005666,Fursultiamin,3354
C034341,"fusaric acid N,N-diethylaminoethylamide",3355
D005672,Fusidic Acid,3356
C000713257,futibatinib,3357
C532829,fuzheng huayu,3358
C575009,fuzi drug herbal,3359
C000603178,G36 compound,3360
D018755,GABA Agonists,3361
D058785,GABA-A Receptor Agonists,3362
D058787,GABA-A Receptor Antagonists,3363
D058786,GABA-B Receptor Agonists,3364
D018757,GABA Modulators,3365
D000077206,Gabapentin,3366
D016670,Gabexate,3367
C015542,gaboxadol,3368
C038958,gadolinium chloride,3369
D005688,Galactosamine,3370
C037032,galangin,3371
D005702,Galantamine,3372
C517546,galidesivir,3373
D005703,Gallamine Triethiodide,3374
D005707,Gallic Acid,3375
D005708,Gallium,3376
C512662,gallium maltolate,3377
C027235,gallium nitrate,3378
D005711,Gallopamil,3379
C000612263,gamabufotalin,3380
C052659,gambogic acid,3381
C500218,gamisopoonghwanghyul-tang,3382
D005680,gamma-Aminobutyric Acid,3383
C541824,(gamma-CyD)2 C60,3384
D018823,gamma-Endorphin,3385
C028929,gamma-glutamylglycine,3386
C013172,gamma-oryzanol,3387
C025473,gamma-sitosterol,3388
D024504,gamma-Tocopherol,3389
C105051,ganaxolone,3390
D015774,Ganciclovir,3391
D005732,Gangliosides,3392
C515005,ganoderic acid A,3393
C521787,ganoderol B,3394
C551027,GANT 61,3395
C477001,ganyanping,3396
C455880,gap 27 peptide,3397
C573355,garcinielliptone FC,3398
C000589472,gardenin A,3399
C056587,gardenoside,3400
C546771,gardiquimod,3401
C419689,garenoxacin,3402
C045345,gastrodin,3403
D000077734,Gatifloxacin,3404
C505531,GCS-100,3405
C554753,GDP 366,3406
C106014,gedunin,3407
D000077156,Gefitinib,3408
C009622,"gelatin, glycerin, zinc oxide drug combination",3409
C001277,geldanamycin,3410
D000093542,Gemcitabine,3411
C508870,gemcitabine-oxaliplatin regimen,3412
D015248,Gemfibrozil,3413
D000079982,Gemtuzumab,3414
C075656,GenHevac B Pasteur,3415
C007834,genipin,3416
D019833,Genistein,3417
C040641,genistin,3418
C014568,genkwanin,3419
D005839,Gentamicins,3420
D005840,Gentian Violet,3421
C012997,gentiopicroside,3422
C039979,gepirone,3423
C024603,Geraniin,3424
C007836,geraniol,3425
C432872,geranyl acetate,3426
C017338,geranylgeraniol,3427
C031049,geranylgeranylacetone,3428
C002963,geranylgeranyl pyrophosphate,3429
C033273,Gestodene,3430
D000067048,Ghee,3431
C587256,"GH-RH(1-29), desaminotyrosyl(1)-ornithyl(12,21)-alpha-aminobutryic acid(15)-norleucyl(27)-aspartyl(28)-agmatine(29)-",3432
C104201,gimeracil,3433
C000604237,gingerenone A,3434
C000713927,ginger extract,3435
C007845,gingerol,3436
C077458,ginkgetin,3437
C063170,Ginkgo biloba extract,3438
C112485,ginkgolic acid,3439
C477042,ginkgolide A,3440
C045856,ginkgolide B,3441
C058295,ginkgolide C,3442
C111520,ginsan,3443
C442759,ginsenoside Rb1,3444
C049863,ginsenoside Rd,3445
C049864,ginsenoside Re,3446
C035054,ginsenoside Rg1,3447
C026474,ginsenoside Rg2,3448
C097367,ginsenoside Rg3,3449
C572381,ginsenoside Rg5,3450
C425564,ginsenoside Rh1,3451
C101280,ginsenoside Rh4,3452
C472077,ginsenoside Rk1,3453
C472075,ginsenoside Rk3,3454
D036145,Ginsenosides,3455
C107601,glabridin,3456
D005897,Glafenine,3457
D000068717,Glatiramer Acetate,3458
C005004,glaucine,3459
C055124,glaucocalyxin A,3460
D005907,Gliclazide,3461
C057619,glimepiride,3462
D005912,Gliotoxin,3463
D005913,Glipizide,3464
D005934,Glucagon,3465
D005936,Glucans,3466
D005937,Glucaric Acid,3467
D005938,Glucocorticoids,3468
C060474,glucogallin,3469
C030691,gluconic acid,3470
D005944,Glucosamine,3471
D005947,Glucose,3472
C017323,"glucose, glycerol, hydroxyethyl starch, perfluorodecalin, perfluorotripropylamine, pluronic F-68, salts, yolk phospholipids drug combination",3473
C030396,glucose-insulin-potassium cardioplegic solution,3474
C015240,glucose tolerance factor,3475
D005960,Glucosides,3476
C007858,glucuronyl glucosamine glycan sulfate,3477
D005973,Glutamine,3478
C585201,glutaminyl-glutamyl-glutaminyl-leucyl-glutamyl-arginyl-alanyl-leucyl-asparagyl-seryl-serine,3479
C424943,glutamyl-Se-methylselenocysteine,3480
C007864,glutarimide,3481
D005978,Glutathione,3482
D005984,Glutethimide,3483
D005905,Glyburide,3484
D005990,Glycerol,3485
C094503,glyceryl 2-arachidonate,3486
C560287,glyceryl-isoeugenol,3487
D005997,Glycerylphosphorylcholine,3488
D005998,Glycine,3489
D018684,Glycine Agents,3490
C000588486,glycine propionyl carnitine,3491
C086566,glycitein,3492
D006017,Glycolipids,3493
D006024,Glycopyrrolate,3494
D006025,Glycosaminoglycans,3495
D006027,Glycosides,3496
C515155,glycycoumarin,3497
D006033,Glycylglycine,3498
C117499,(glycyl-glycyl)GLP-2,3499
C531349,glycyrol,3500
D006034,Glycyrrhetinic Acid,3501
D019695,Glycyrrhizic Acid,3502
C057906,glyderinine,3503
C031150,glyoxylic acid,3504
D005677,G(M1) Ganglioside,3505
C081021,Go 6976,3506
D006046,Gold,3507
D017612,Gold Compounds,3508
D006052,Gold Sodium Thiomalate,3509
D007987,Gonadotropin-Releasing Hormone,3510
D006062,Gonadotropins,3511
C103280,goniothalamin,3512
C058504,goralatide,3513
D017273,Goserelin,3514
C119642,gosha-jinki-gan,3515
C059922,gossypetin,3516
C022944,gossypin,3517
D006072,Gossypol,3518
C000597094,govaniadine,3519
C090701,GR 127935,3520
C079014,GR 82334,3521
D017829,Granisetron,3522
D016179,Granulocyte Colony-Stimulating Factor,3523
D056604,Grape Seed Extract,3524
C511402,Grape Seed Proanthocyanidins,3525
C000628730,graphene oxide,3526
C465546,green tea extract AR25,3527
D006118,Griseofulvin,3528
C479222,GRN163,3529
C000706175,GS-441524 triphosphate,3530
C544831,GSK 1363089,3531
C000595148,GSK2110183,3532
C000595149,GSK2141795,3533
C558292,GSK 2324,3534
C000607558,GSK2795039,3535
C577920,GSK-2816126,3536
C000602008,GSK2879552,3537
C000599896,GSK3235025,3538
C000730139,GSK484,3539
C541335,GSK876008,3540
C501053,GT 061,3541
C420322,GT 715,3542
D006139,Guaiacol,3543
D006140,Guaifenesin,3544
C519462,guaijaverin,3545
D006143,Guanabenz,3546
C004945,guanadrel,3547
D006145,Guanethidine,3548
D016316,Guanfacine,3549
D006151,Guanosine,3550
C023427,guanosine 5'-O-(2-thiodiphosphate),3551
C073344,guanoxan,3552
C539574,guanxin No. 2,3553
C528663,guizhi decoction,3554
C525079,guizhi-fuling,3555
C000611307,GUM1 compound,3556
D006170,Gum Arabic,3557
C060188,Gur,3558
C111554,GV 150013X,3559
C412815,GW 4064,3560
C425931,GW 501516,3561
C000617853,GW 506033X,3562
C551538,GW 583340,3563
C401858,GW 7604,3564
C500810,GW8510,3565
C052565,GYKI 23107,3566
C418824,GYKI 47261,3567
C061950,GYKI 52466,3568
C474918,gypenoside,3569
C000719168,gypenoside LXXV,3570
C529376,GYY 4137,3571
C441088,H 2545,3572
C088233,H290-51,3573
C004380,H 35-25,3574
C000718013,H3B-120,3575
C020752,hainanolide,3576
C560811,haizao yuhu,3577
D006206,Halcinonide,3578
C023768,halofantrine,3579
C010176,halofuginone,3580
D006220,Haloperidol,3581
C033563,haloperidol decanoate,3582
D006221,Halothane,3583
C054176,haloxyfop,3584
D006246,Harmaline,3585
D006247,Harmine,3586
C033249,harpagoside,3587
C121944,HB-19 peptide,3588
C075659,HB-VAX,3589
C411103,HCT 3012,3590
C539481,HCV 796,3591
C400080,HCVAD protocol,3592
C001329,helenalin,3593
C505802,helioxanthin,3594
C514771,hematide,3595
C014579,hematodeanol,3596
D006401,Hematologic Agents,3597
D017324,Hematoporphyrin Derivative,3598
D006418,Heme,3599
C048849,heme arginate,3600
C106087,heme lysinate,3601
C026485,hemiacidrin,3602
D006426,Hemicholinium 3,3603
D006427,Hemin,3604
C042349,heminordihydroguaiaretic acid,3605
C000626944,hemistepsin,3606
C053936,hemoglobin XL99alpha,3607
C000716407,hempseed oil,3608
D006493,Heparin,3609
C031388,heparin-dihydergot,3610
C519845,heparin-lithocholate,3611
D006495,"Heparin, Low-Molecular-Weight",3612
C410523,"heparin, O-desulfated",3613
D022362,Hepatitis A Vaccines,3614
D006513,Hepatitis B e Antigens,3615
D017325,Hepatitis B Vaccines,3616
D006535,Heptaminol,3617
C581534,herbacetin,3618
C114209,herbal preparation PC-SPES,3619
D003932,Heroin,3620
C024034,Herpigon,3621
C013015,hesperetin,3622
D006569,Hesperidin,3623
C033022,hesperidin methylchalcone,3624
C000708209,HET0016,3625
D006571,Heterocyclic Compounds,3626
D006573,"Heterocyclic Compounds, 1-Ring",3627
D006575,"Heterocyclic Compounds, 3-Ring",3628
D006576,"Heterocyclic Compounds, 4 or More Rings",3629
D001556,Hexachlorocyclohexane,3630
D006583,Hexadimethrine Bromide,3631
D018738,Hexamethonium,3632
C014026,hexamethylene bisacetamide,3633
C007936,hexaminecobalt (III) trichloride,3634
C086184,hexarelin,3635
D006594,Hexoprenaline,3636
C482862,heyneanol A,3637
C538724,HhAntag691,3638
C087346,hibifolin,3639
C066716,HiC-COM protocol,3640
C010185,himachalol,3641
C048172,himbacine,3642
C060299,hinokiflavone,3643
C072298,hirudin HV1,3644
D006629,Hirudins,3645
C046596,Hirudoid,3646
C479171,hirulog-like peptide,3647
C007946,hispidin,3648
C055957,hispidulin,3649
C103442,hispolon,3650
D006632,Histamine,3651
D006633,Histamine Antagonists,3652
D006634,Histamine H1 Antagonists,3653
D006635,Histamine H2 Antagonists,3654
D054828,Histamine H3 Antagonists,3655
D006641,Histidinol,3656
C454400,HLFP regimen,3657
C058577,HLo 7,3658
C000632706,HNK-102,3659
C077369,hodgkinsine,3660
C078665,"HOE 140, desArg(10)-",3661
C100236,homatropine,3662
C070164,homocastasterone,3663
D006710,Homocysteine,3664
D006713,Homogentisic Acid,3665
D000077863,Homoharringtonine,3666
C057912,homoorientin,3667
D006719,Homovanillic Acid,3668
C005499,honokiol,3669
D006727,Hormone Antagonists,3670
C442781,Houttuynia cordata extract,3671
C506615,HTS 466284,3672
C062018,HU 211,3673
C402416,HU 308,3674
C545813,huachansu,3675
C000605453,huanglian-jie-du decoction,3676
C045607,huang-lien-chieh-tu-tang,3677
C027492,Huang Qi,3678
C439205,Huangqin-Tang,3679
C000627295,HUF-101,3680
C000594496,hugan qingzhi,3681
C050426,huperzine A,3682
C046064,HW 165,3683
C425384,HY 038,3684
D006820,Hyaluronic Acid,3685
D006827,Hydantoins,3686
D006830,Hydralazine,3687
C023818,hydrangenol,3688
C029424,hydrazine,3689
D006834,Hydrazines,3690
D006835,Hydrazones,3691
D006851,Hydrochloric Acid,3692
D006852,Hydrochlorothiazide,3693
C091365,"hydrochlorothiazide, lisinopril drug combination",3694
C020743,hydrochlorothiazide-triamterene,3695
D006853,Hydrocodone,3696
D006854,Hydrocortisone,3697
C007975,hydrocortisone-17-butyrate,3698
C021650,hydrocortisone acetate,3699
C007133,hydrocortisone hemisuccinate,3700
C039803,hydrocortisone sodium phosphate,3701
C024594,hydrocotarnine,3702
D006859,Hydrogen,3703
D006861,Hydrogen Peroxide,3704
D006862,Hydrogen Sulfide,3705
D047348,Hydrolyzable Tannins,3706
D004091,Hydromorphone,3707
C012353,hydroperoxyisophosphamide,3708
C014486,hydroquinidine,3709
C031927,hydroquinone,3710
C010467,hydrotalcite,3711
D006877,Hydroxamic Acids,3712
D006879,Hydroxocobalamin,3713
D006882,Hydroxyapatites,3714
D006886,Hydroxychloroquine,3715
D006887,Hydroxycholecalciferols,3716
C007999,hydroxycitric acid,3717
D006895,Hydroxyethyl Starch Derivatives,3718
C431085,hydroxyfasudil,3719
C014290,hydroxyflutamide,3720
C051414,hydroxygenkwanin,3721
D019811,Hydroxylamine,3722
C027299,hydroxymaprotilin,3723
D019161,Hydroxymethylglutaryl-CoA Reductase Inhibitors,3724
C085278,hydroxysafflor yellow A,3725
D006918,Hydroxyurea,3726
D006919,Hydroxyzine,3727
D006923,Hymecromone,3728
C058309,hypaconitine,3729
C477838,hyperCDT protocol,3730
C001654,hyperforin,3731
C004965,hypericin,3732
C021304,hyperoside,3733
D000960,Hypolipidemic Agents,3734
C000623387,HZ-6d compound,3735
C006013,IA 4,3736
C056512,IAP protocol,3737
D000077557,Ibandronic Acid,3738
D007050,Ibogaine,3739
C551803,ibrutinib,3740
C000588695,IBS008738,3741
C038366,ibudilast,3742
D007052,Ibuprofen,3743
C106674,ibuprofen arginine,3744
C067192,ibutilide,3745
C477872,IC 87114,3746
C056599,icariin,3747
C499403,icaritin,3748
C065679,icatibant,3749
C056638,ICE protocol 1,3750
C080042,ICE protocol 3,3751
C084574,ICE protocol 4,3752
C090705,ICE protocol 5,3753
C026777,ICI 118551,3754
C036405,ICI 154129,3755
C051781,ICI 164384,3756
C058219,ICI 195739,3757
C082246,ICI D2788,3758
C081112,ICI D8731,3759
C490483,icilin,3760
D000077607,Icodextrin,3761
C531470,icotinib,3762
C400142,Ida-FLAG protocol,3763
D015255,Idarubicin,3764
D019329,Idazoxan,3765
C036619,idebenone,3766
C552946,idelalisib,3767
C404743,IDN 5109,3768
C071362,idoxifene,3769
D007065,Idoxuridine,3770
C479958,idraparinux,3771
C076966,idrapril,3772
C557801,IDX184,3773
C110702,IEM 1460,3774
C092754,IEM 1754,3775
C406748,IEM 1925,3776
C069846,IE protocol,3777
C010739,ifenprodil,3778
C078904,ifetroban,3779
C480833,IFL protocol,3780
D007069,Ifosfamide,3781
C065310,igmesine,3782
C521502,IL13-PE38,3783
C119615,ilaprazole,3784
C119203,ilomastat,3785
D016285,Iloprost,3786
D000068877,Imatinib Mesylate,3787
C575881,imeglimin,3788
C519562,imetelstat,3789
C082359,imidacloprid,3790
C065166,imidapril,3791
C078006,imidaprilat,3792
C082661,imidazenil,3793
C029899,imidazole,3794
C100119,imidazole mustard,3795
C113661,imidazolium-bis(imidazole)dimethylsulfoxideimidazotetrachlororuthenate(III),3796
D007098,Imino Acids,3797
D015378,Imipenem,3798
D007099,Imipramine,3799
D000077271,Imiquimod,3800
C121876,imisopasem manganese,3801
C561127,IMMLG5521,3802
C505097,IMMU-110,3803
D000082082,Immune Checkpoint Inhibitors,3804
D018796,Immunoconjugates,3805
D007155,Immunologic Factors,3806
C058028,immunomycin,3807
D007166,Immunosuppressive Agents,3808
D000922,Immunotoxins,3809
C587358,imoxin,3810
C031534,imperatorin,3811
D017446,Impromidine,3812
C523952,IN6CPBD,3813
C078038,inchinko-to,3814
C431890,indantadol,3815
D007190,Indapamide,3816
C494243,"indapamide, perindopril drug combination",3817
C418119,indatraline,3818
C042398,indecainide,3819
D007203,Indigo Carmine,3820
D019469,Indinavir,3821
C428264,indioside D,3822
C027185,indirubin,3823
C038812,Indolapril,3824
C016517,indole-3-carbinol,3825
C000626787,indole-3-guanylhydrazone hydrochloride,3826
C514526,indole-5-carboxamide,3827
C030737,indoleacetic acid,3828
C050325,indolidan,3829
D007213,Indomethacin,3830
C507313,indomethacin ethyl ester,3831
C489645,indomethacin phenethylamide,3832
D007216,Indoprofen,3833
D007217,Indoramin,3834
C008124,Infecundin,3835
C568950,infigratinib,3836
D018836,Inflammation Mediators,3837
C001451,Innovar,3838
C491685,INO 1001,3839
D007288,Inosine,3840
D007290,Inosine Diphosphate,3841
D007291,Inosine Monophosphate,3842
D007294,Inositol,3843
C013063,inositol hexasulfate,3844
C071861,inostamycin,3845
C517091,inotodiol,3846
C541377,INP 0341,3847
C541376,INP 0400,3848
D007306,Insecticides,3849
D007328,Insulin,3850
D061267,Insulin Aspart,3851
C541917,INT 131,3852
C050739,interferon alfacon-1,3853
C554150,interferon alfa-n1,3854
D016898,Interferon-alpha,3855
D007369,Interferon Inducers,3856
D007372,Interferons,3857
D016753,Interleukin-10,3858
D053590,Interleukin 1 Receptor Antagonist Protein,3859
D007376,Interleukin-2,3860
C104543,"interleukin 6-interleukin 6 receptor fusion protein, recombinant",3861
C037666,intetrix,3862
C001458,intybin,3863
D007444,Inulin,3864
D007455,Iodine,3865
C000614965,Iodine-131,3866
C094023,iodopravadoline,3867
D004103,Iodoquinol,3868
C468130,iodoresiniferatoxin,3869
D007486,Ipecac,3870
D009241,Ipratropium,3871
C018986,ipriflavone,3872
D007488,Iprindole,3873
D007490,Iproniazid,3874
C014898,IPS 339,3875
C043077,ipsapirone,3876
D000077405,Irbesartan,3877
D057889,Iridoid Glycosides,3878
D039823,Iridoids,3879
D000077146,Irinotecan,3880
D007501,Iron,3881
D007502,Iron Chelating Agents,3882
D007505,Iron-Dextran Complex,3883
D019266,"Iron, Dietary",3884
C448299,iron protoporphyrin IX,3885
C520511,irosustat,3886
C041836,irsogladine,3887
C020375,isaxonine,3888
C032787,isoalantolactone,3889
C022871,isoborneol,3890
C020914,isobutaclamol,3891
D007520,Isocarboxazid,3892
C453300,isocoumarin NM-3,3893
C110793,isocupressic acid,3894
C517885,isodiospyrol A,3895
D007528,Isoetharine,3896
C008180,isoferulic acid,3897
D007529,Isoflavones,3898
C065592,isoflupredone acetate,3899
D007530,Isoflurane,3900
C483462,isofon,3901
C015300,isoguvacine,3902
C060284,isolariciresinol,3903
D007532,Isoleucine,3904
C040920,isoliquiritigenin,3905
C084321,isoliquiritin apioside,3906
C008189,isomaltulose,3907
D007538,Isoniazid,3908
C087181,"isoniazid, pyrazinamide, rifampin drug combination",3909
C569115,isonitrosoacetone,3910
C004809,isopentenyl pyrophosphate,3911
C000607202,isopentyl ferulate,3912
C027061,isophosphamide mustard,3913
C115138,isopimaric acid,3914
D007545,Isoproterenol,3915
C409816,isopulegol,3916
C016527,isoquercitrin,3917
D007546,Isoquinolines,3918
C432307,isorhapontigenin,3919
C538973,isosakuranetin,3920
C027321,isosalipurposide,3921
C523198,isosilybin A,3922
C030397,isosorbide-5-mononitrate,3923
D007548,Isosorbide Dinitrate,3924
C431665,isosorbide-hydralazine combination,3925
C027172,isospaglumic acid,3926
C044170,isoteolin,3927
D017879,Isothiocyanates,3928
D015474,Isotretinoin,3929
C049772,isovitexin,3930
D007555,Isoxazoles,3931
D007556,Isoxsuprine,3932
D017275,Isradipine,3933
C111599,istradefylline,3934
C070191,itasetron,3935
D017964,Itraconazole,3936
C057022,iturelix,3937
C545203,ivacaftor,3938
C098434,IVAC protocol,3939
C064227,IVA protocol,3940
D007559,Ivermectin,3941
C585534,IWR-1 compound,3942
C430592,ixabepilone,3943
C402921,J 113397,3944
C057531,jasplakinolide,3945
C554161,JB-788,3946
C412308,JBP 485,3947
C577200,JD5037,3948
C116581,jen-san-yaung-jung-tang,3949
C066308,JET protocol,3950
C402944,JHW 015,3951
C544151,jinfukang,3952
C527855,jinghua weikang,3953
C527191,jinhong,3954
C562099,JMF2-1 compound,3955
C547250,JNJ-31020028,3956
C518829,JP-1302,3957
C561695,(+)-JQ1 compound,3958
C471998,JTE 013,3959
C468268,JTE 607,3960
C422645,JTE 907,3961
C094211,JTP 4819,3962
C107494,JTV 506,3963
C005134,juglone,3964
C087808,jujuboside A,3965
C115013,juniper berry oil,3966
C063587,juzentaihoto,3967
C534333,JZL 184,3968
C410337,K 7174,3969
C006552,kaempferol,3970
C066407,kaempferol-3-O-galactoside,3971
C511963,kaempferol-3-O-glucoside,3972
C492687,kaempferol-3-O-rutinoside,3973
C064309,kaempferol 3-O-sophoroside,3974
C046438,kahweol acetate,3975
D007608,Kainic Acid,3976
C000605449,Kai-Xin-San,3977
C510231,Kalpaamruthaa,3978
D007612,Kanamycin,3979
C468270,Kangen-karyu,3980
C553674,kangshuai yizhi,3981
C020251,kappa-casein glycomacropeptide,3982
C121292,KB R6933,3983
C510621,KCC 009,3984
C119620,kenpaullone,3985
D007649,Ketamine,3986
D007650,Ketanserin,3987
C012394,ketobemidone,3988
D007654,Ketoconazole,3989
D007656,Ketoglutaric Acids,3990
D007660,Ketoprofen,3991
C029946,ketoprofen lysine,3992
D020910,Ketorolac,3993
D020911,Ketorolac Tromethamine,3994
D007665,Ketotifen,3995
C083109,KF 14124,3996
C081198,KF 17837,3997
C080664,KFM 19,3998
C074279,KH 1060,3999
C033990,K.H.3,4000
D007666,Khellin,4001
C097558,KL4 surfactant,4002
C466918,KMUP 880602,4003
C072105,KN 93,4004
C045492,kolaviron,4005
C108799,KRH 594,4006
C036374,Kri paste,4007
C051271,KT 362,4008
C093160,KT3 671,4009
C073601,KT 5823,4010
C581040,KU-32 compound,4011
C572783,kuguacin J,4012
C557784,kukoamine B,4013
C000620717,kuntai capsule,4014
C095194,kuwanon G,4015
C524251,KW 2581,4016
D007736,Kynurenic Acid,4017
C019448,kyotorphin,4018
C070967,L 158809,4019
C508711,L-161982,4020
C508709,L-335677,4021
C061031,L-3-(3-hydroxy-4-pivaloyloxyphenyl)alanine,4022
C058121,L 365260,4023
C472885,L-4F peptide,4024
C054290,L 657743,4025
C094635,L 701324,4026
C096429,L 709049,4027
C505055,L 748706,4028
C119066,L 783281,4029
C508710,L-826266,4030
C570295,labdanolic acid methyl ester,4031
D007741,Labetalol,4032
C009765,lac dye,4033
C060285,lacidipine,4034
D019344,Lactic Acid,4035
C014635,lactitol,4036
C516715,lactucin,4037
D007792,Lactulose,4038
C076948,lafutidine,4039
D019259,Lamivudine,4040
C109078,"lamivudine, zidovudine drug combination",4041
D000077213,Lamotrigine,4042
C018548,lanatoside C,4043
C077049,landiolol,4044
C081981,lanoteplase,4045
C060347,lanreotide,4046
D064747,Lansoprazole,4047
D000077341,Lapatinib,4048
C477361,LAQ824,4049
C525167,larazotide acetate,4050
C029310,lard,4051
C060282,lariciresinol,4052
C483604,laromustine,4053
C111332,Lasofoxifene,4054
D000077338,Latanoprost,4055
C030358,lauric acid,4056
D007850,Lauric Acids,4057
C035229,laurocapram,4058
C045718,lavender oil,4059
C005090,lawsone,4060
C059303,lazabemide,4061
C481663,LB 11058,4062
C000600161,LCS101,4063
C000626357,LCS1269,4064
D007854,Lead,4065
C008261,lead acetate,4066
D054709,Lecithins,4067
C586541,ledipasvir,4068
C000595958,"ledipasvir, sofosbuvir drug combination",4069
D000077339,Leflunomide,4070
C041579,lei gong teng,4071
C090111,LEK 8829,4072
C000713347,lemon balm leaf extract,4073
C052901,lemongrass oil,4074
C501365,lemon oil,4075
C471849,lenabasum,4076
D000077269,Lenalidomide,4077
C061242,Lentinus edodes mycelia extract E-P-LEM,4078
C531958,lenvatinib,4079
C512946,leojaponin,4080
C013587,leonurine,4081
C083544,lepirudin,4082
C060343,lercanidipine,4083
C084809,lergotrile mesylate,4084
C119379,lestaurtinib,4085
D000077289,Letrozole,4086
D007930,Leucine,4087
C087775,leucopelargonin,4088
C000624588,leucoselect phytosome,4089
D002955,Leucovorin,4090
C000589733,leukadherin-1,4091
D020024,Leukotriene Antagonists,4092
D007975,Leukotriene B4,4093
D016729,Leuprolide,4094
C487834,Leu-Ser-Lys-Leu peptide,4095
D007977,Levallorphan,4096
D007978,Levamisole,4097
D000077287,Levetiracetam,4098
D002040,Levobunolol,4099
D000077554,Levobupivacaine,4100
C047340,levocabastine,4101
C472067,levocetirizine,4102
D007980,Levodopa,4103
C035420,levodopa methyl ester,4104
D064704,Levofloxacin,4105
D016912,Levonorgestrel,4106
D007981,Levorphanol,4107
C078143,levosulpiride,4108
C580773,lexgenleucel-T,4109
C059213,LF 2-0254,4110
C095104,LG 100268,4111
C415128,LG 100324,4112
C000630836,LGM2605,4113
C083781,"LHRH, Ala(6)-Gly(10)-ethylamide-",4114
C042691,"LHRH, N-acetyl-(4-chlorophenylalanyl)(1)-(4-chlorophenylalanyl)(2)-tryptophyl(3)-arginyl(6)-alanine(10)-",4115
C061121,liarozole,4116
C432503,licarin A,4117
C070840,licochalcone A,4118
C541528,licochalcone B,4119
C520147,licochalcone E,4120
C088092,licofelone,4121
C401293,licoricidin,4122
C558581,licorisoflavan A,4123
C092062,licostinel,4124
C020918,lidamidine,4125
D008012,Lidocaine,4126
D000077442,"Lidocaine, Prilocaine Drug Combination",4127
C511998,Lidoderm,4128
C080095,liensinine,4129
D017705,Lignans,4130
D008031,Lignin,4131
C027820,ligustilide,4132
C059238,limaprost,4133
D000077222,Limonene,4134
C525538,limonexic acid,4135
C001546,limonin,4136
C523483,linaclotide,4137
D000069476,Linagliptin,4138
C018584,linalool,4139
D008034,Lincomycin,4140
C477965,linderalactone,4141
D000069349,Linezolid,4142
D019787,Linoleic Acid,4143
D008041,Linoleic Acids,4144
D044243,"Linoleic Acids, Conjugated",4145
D008042,Linolenic Acids,4146
C061017,linopirdine,4147
D008043,Linseed Oil,4148
C002385,linsidomine,4149
C023022,linustatin,4150
D008055,Lipids,4151
C008288,Lipofundin,4152
C442865,"lipopolysaccharide, Helicobacter pylori",4153
D008070,Lipopolysaccharides,4154
C068538,liposomal amphotericin B,4155
C506643,liposomal doxorubicin,4156
C005152,lipostabil,4157
C040527,lipoxin A4,4158
C083152,liquiritigenin,4159
C512196,liquiritin,4160
D000069450,Liraglutide,4161
D000069478,Lisdexamfetamine Dimesylate,4162
D017706,Lisinopril,4163
D008090,Lisuride,4164
D008094,Lithium,4165
D016651,Lithium Carbonate,4166
D018021,Lithium Chloride,4167
C070669,lithium citrate,4168
C022826,lithium hydroxybutyrate,4169
C038377,lithium succinate,4170
C054097,lithium sulfate,4171
D008095,Lithocholic Acid,4172
C061091,lithospermate B,4173
C046833,lithospermic acid,4174
C042579,Liuwei Dihuang Decoction,4175
C549232,LLL12 compound,4176
C575077,LM11A-31,4177
C521938,LM11 compound,4178
C045251,LND 623,4179
C097603,LNH 87 protocol,4180
C540157,lobelane,4181
D008120,Lobeline,4182
C064231,lobendazole,4183
C015735,lobenzarit,4184
C063638,lobucavir,4185
C025655,lofexidine,4186
C059516,loganin,4187
C540381,lomatin,4188
C053091,lomefloxacin,4189
C521206,lomeguatrib,4190
C052424,lomerizine,4191
C045894,lometrexol,4192
D008130,Lomustine,4193
C115354,lonafarnib,4194
C581034,longikaurin A,4195
C016371,lonidamine,4196
D008139,Loperamide,4197
C000613963,lophirone B,4198
C000613964,lophirone C,4199
D061466,Lopinavir,4200
C558899,lopinavir-ritonavir drug combination,4201
C054920,loracarbef,4202
D017336,Loratadine,4203
D008140,Lorazepam,4204
C506658,lorcaserin,4205
C066440,loreclezole,4206
C000590786,lorlatinib,4207
C023842,lormetazepam,4208
C059451,lornoxicam,4209
D019808,Losartan,4210
C066026,losartan carboxylic acid,4211
C065427,losigame,4212
D000069559,Loteprednol Etabonate,4213
D008148,Lovastatin,4214
C451780,lovastatin-niacin combination,4215
D008152,Loxapine,4216
C040656,loxoprofen,4217
C039993,loxtidine,4218
C000618691,LQFM030,4219
C119999,LR 172,4220
C485003,LR-90,4221
C094835,LR B-081,4222
C045117,Lu 19005,4223
C109644,Lu 28-179,4224
C105748,lubazodone hydrochloride,4225
D000068238,Lubiprostone,4226
C529637,lucidone,4227
D000078102,Lumefantrine,4228
C473384,lumiracoxib,4229
C010480,lupeol,4230
C403497,lupeol linoleate,4231
C008299,lupulon,4232
D000069056,Lurasidone Hydrochloride,4233
C000611387,lusutrombopag,4234
D014975,Lutein,4235
D047311,Luteolin,4236
C066408,luteolin-7-glucoside,4237
C025430,LY 117018,4238
C044660,LY 171883,4239
C504960,LY2066948,4240
C084175,LY 233536,4241
C088643,LY 235959,4242
C070935,LY 274614,4243
C094099,LY 293111,4244
C101714,LY 297802,4245
C102280,LY 306740,4246
C109453,LY 344864,4247
C115121,LY 353381,4248
C118218,LY 379268,4249
C032663,LY 53857,4250
C527551,LY686017,4251
C500223,lycium barbarum polysaccharide,4252
D000077276,Lycopene,4253
C015330,lycorine,4254
D008194,Lymecycline,4255
D008234,Lynestrenol,4256
D008236,Lypressin,4257
C530478,LYR 71,4258
C543889,"Lys49-phospholipase A2, Bothrops lternatus",4259
D008238,Lysergic Acid Diethylamide,4260
C089163,lysine clonixinate,4261
C068409,M 16209,4262
C068408,M 16287,4263
C034584,M-2 protocol,4264
C426066,M40401,4265
C533860,macitentan,4266
C070074,m-ACOD protocol,4267
C044922,MACOP-B protocol,4268
C085319,maculosin,4269
C048341,mafosfamide,4270
D008274,Magnesium,4271
D015636,Magnesium Chloride,4272
D017616,Magnesium Compounds,4273
D008277,Magnesium Oxide,4274
D008278,Magnesium Sulfate,4275
C420242,magnesium tanshinoate B,4276
C094148,magnolin,4277
C005498,magnolol,4278
C476033,Maharishi Amrit Kalash,4279
C060768,MAID protocol,4280
C083357,Maisto's Paste,4281
C071788,malabaricone B,4282
C071787,malabaricone C,4283
C005095,malachite green,4284
D008293,Malates,4285
D008294,Malathion,4286
D008298,Maleates,4287
C030298,malic acid,4288
D008315,Malondialdehyde,4289
C001678,Maloprim,4290
C524754,maltolyl p-coumarate,4291
C065861,malvidin,4292
C578354,mammea A-BB,4293
C054895,manassantin A,4294
C013099,mancozeb,4295
C005188,Mandrax,4296
D008345,Manganese,4297
C025340,manganese chloride,4298
C431023,manganese (III) meso-tetrakis(N-ethylpyridinium-2-yl)porphyrin,4299
C097284,manganese(III)-tetrakis(4-benzoic acid)porphyrin,4300
C520505,manganese tetrakis-(ethoxycarbonyl) porphyrin,4301
C520506,manganese tetrakis-(N-ethyl-2 pyridyl) porphyrin,4302
C520507,manganese tetrakis-(N-methyl-2 pyridyl) porphyrin,4303
C501277,Mangifera indica extract,4304
C013592,mangiferin,4305
C021053,mangostin,4306
C054218,manidipine,4307
D008351,Mannans,4308
D008353,Mannitol,4309
C008324,mannuronic acid,4310
C054474,manumycin,4311
C119422,mao-bushi-saishin-to,4312
D008376,Maprotiline,4313
D000077592,Maraviroc,4314
C080260,marbofloxacin,4315
D008383,Margarine,4316
C518176,maropitant,4317
C526575,masitinib,4318
C412811,maslinic acid,4319
D009637,Masoprocol,4320
C037500,mastoparan,4321
C068935,matairesinol,4322
D000093842,Matrines,4323
D061965,Matrix Metalloproteinase Inhibitors,4324
C063694,MAV protocol,4325
C051883,maxacalcitol,4326
C045153,Maxepa,4327
D008453,Maytansine,4328
D008454,Mazindol,4329
C571852,MB327,4330
C000628396,MB408,4331
C000628397,MB442,4332
C000628398,MB444,4333
C035353,M-BACOD protocol,4334
C063463,M-BNCOD protocol,4335
C052228,MCI 154,4336
C058079,McN 5652,4337
C121594,MCP protocol,4338
C000609591,MDCO-216,4339
C115236,"MDL 100,151",4340
C057383,MDL 201053,4341
C106784,MDL 27192,4342
C048349,MDL 72567,4343
C085838,MDL 75608A,4344
C490527,ME1036,4345
C000597890,ME-344,4346
C477463,ME3738,4347
D008463,Mebendazole,4348
D008464,Mecamylamine,4349
D008466,Mechlorethamine,4350
D008468,Meclizine,4351
D008469,Meclofenamic Acid,4352
D002504,Meclofenoxate,4353
C019476,mecobalamin,4354
C046870,MEC protocol 1,4355
C475940,MEC regimen,4356
D008472,Medazepam,4357
D008520,Medigoxin,4358
D008525,Medroxyprogesterone,4359
D017258,Medroxyprogesterone Acetate,4360
D008528,Mefenamic Acid,4361
D015767,Mefloquine,4362
C046846,mefloquine-sulfadoxine-pyrimethamine,4363
D019290,Megestrol Acetate,4364
D008536,Meglumine,4365
D000077485,Meglumine Antimoniate,4366
C109573,melagatran,4367
C076253,melarsomine,4368
D008549,Melarsoprol,4369
D008550,Melatonin,4370
D008552,Melengestrol Acetate,4371
D008555,Melitten,4372
C090438,(melle-4)cyclosporin,4373
D000077239,Meloxicam,4374
D008558,Melphalan,4375
D008559,Memantine,4376
D049990,Membrane Transport Modulators,4377
C107754,MEN 11420,4378
C030814,menatetrenone,4379
D017290,Menogaril,4380
C074754,Mentat,4381
D008610,Menthol,4382
C032896,meobentine,4383
D008614,Meperidine,4384
D008615,Mephenesin,4385
D008616,Mephentermine,4386
D008617,Mephenytoin,4387
D008618,Mephobarbital,4388
C050699,mepirodipine,4389
C006242,mepitiostane,4390
D008619,Mepivacaine,4391
C110661,MEP regimen,4392
D008620,Meprobamate,4393
D008621,Meptazinol,4394
C545385,Mequindox,4395
C006069,mequitazine,4396
C001700,meradine,4397
C508408,meranzin hydrate,4398
C045459,merbarone,4399
D015122,Mercaptopurine,4400
D008627,Mercuric Chloride,4401
D008628,Mercury,4402
D000077731,Meropenem,4403
C019470,mesaconitine,4404
D019804,Mesalamine,4405
D015080,Mesna,4406
D008653,Mesoridazine,4407
D008655,Mesterolone,4408
D008656,Mestranol,4409
C031649,mesulergine,4410
C527236,metacept-1,4411
D008665,Metalloporphyrins,4412
C012419,metanicotine,4413
D009921,Metaproterenol,4414
D008680,Metaraminol,4415
D008711,Metergoline,4416
D008687,Metformin,4417
D016210,Methacholine Chloride,4418
D008691,Methadone,4419
D008692,Methadyl Acetate,4420
D008694,Methamphetamine,4421
C088155,methanandamide,4422
D008696,Methandrostenolone,4423
C036871,methanesulfonamide,4424
C491147,methanobactin,4425
C011499,methanol extraction residue (MER) tubercle bacillus fraction,4426
D008701,Methapyrilene,4427
D008702,Methaqualone,4428
D008704,Methazolamide,4429
D008710,Methenolone,4430
D008712,Methicillin,4431
C005828,methidathion,4432
D008713,Methimazole,4433
D008715,Methionine,4434
D008719,Methiothepin,4435
C005111,methixene,4436
D008721,Methocarbamol,4437
C054938,methoctramine,4438
D008723,Methohexital,4439
D008727,Methotrexate,4440
C014085,methotrexate polyglutamate,4441
D008728,Methotrimeprazine,4442
D008729,Methoxamine,4443
D008730,Methoxsalen,4444
C013598,methoxyacetic acid,4445
C005214,methoxyamine,4446
C407102,"methoxycarbonylphenylcyclopentylacetyl-N,N'-dimethyltropinium methyl sulfate",4447
D008731,Methoxychlor,4448
D008733,Methoxyflurane,4449
C066998,methoxy-morpholinyl-doxorubicin,4450
C100286,methsuximide,4451
D008736,Methyclothiazide,4452
C533093,"methyl 2-(3-ethyl-7a,12a-(epoxyethanoxy)-9-fluoro-1,2,3,4,6,7,12,12b-octahydro-8-methoxyindolo(2,3-a)quinolizin-2-yl)-3-methoxyacrylate",4453
C587452,"methyl 2-(3-ethyl-9-fluoro-7a-hydroxy-8-methoxy-1,2,3,4,6,7,7a,12,12a,12b-decahydroindolo(2,3-a)quinolizin-2-yl)-3-methoxyacrylate",4454
C587228,methyl 3-hydroxyimino-11-oxoolean-12-en-28-oate,4455
C475457,methyl 5-aminolevulinate,4456
C027451,methylamine,4457
C553655,methyl antcinate A,4458
C543695,methyl antcinate K,4459
C104810,methyl arachidonylfluorophosphonate,4460
C080197,methylarsine oxide,4461
C006649,methylatropine,4462
D008748,Methylcholanthrene,4463
C501952,methyldihydrojasmonate,4464
D008750,Methyldopa,4465
D008751,Methylene Blue,4466
D008755,Methylergonovine,4467
C005222,methylethyl ketone,4468
C005223,methyleugenol,4469
C530806,methyl ferulate,4470
C052082,methyl gallate,4471
C054634,methyllycaconitine,4472
D008767,Methylmercury Compounds,4473
C032257,methylnaltrexone,4474
C019012,methyl palmitate,4475
C015358,methylparaben,4476
D008774,Methylphenidate,4477
C531425,methylpiperate,4478
D008775,Methylprednisolone,4479
C078007,methylprednisolone aceponate,4480
D000077555,Methylprednisolone Acetate,4481
D008776,Methylprednisolone Hemisuccinate,4482
C008493,methylselenic acid,4483
C550914,methylswertianin,4484
C043243,methyl tert-butyl ether,4485
D008777,Methyltestosterone,4486
D008779,Methylthiouracil,4487
C008514,methylxanthine,4488
D008784,Methysergide,4489
C076881,methysticin,4490
D008785,Metiamide,4491
C005179,metiapine,4492
D014290,Metipranolol,4493
D008787,Metoclopramide,4494
C032943,metocurine,4495
D008788,Metolazone,4496
C006308,metoprine,4497
D008790,Metoprolol,4498
D008795,Metronidazole,4499
C008522,metylperon,4500
D008797,Metyrapone,4501
C012258,mevastatin,4502
C002356,Mexaform,4503
D008801,Mexiletine,4504
D008802,Mezlocillin,4505
C099419,MF 268,4506
C557885,MF 592,4507
C089950,MF59 oil emulsion,4508
C526699,MF63 compound,4509
C085788,MFL combination,4510
D008803,Mianserin,4511
D020748,Mibefradil,4512
D000077551,Micafungin,4513
D008825,Miconazole,4514
C508178,microorganism fermentation extract,4515
D008874,Midazolam,4516
D008879,Midodrine,4517
C059539,midostaurin,4518
C008527,Midrin,4519
D015735,Mifepristone,4520
C090092,migalastat,4521
C045621,miglitol,4522
C059896,miglustat,4523
C022834,miglyol 812,4524
C041502,Migril,4525
C039332,milacemide,4526
C078973,milbemycin oxime,4527
D000078764,Milnacipran,4528
D020105,Milrinone,4529
C039128,miltefosine,4530
C006149,minaprine,4531
C097009,MINE-BOP protocol,4532
C092704,MINE protocol,4533
C099452,"mineral acids, trace elements, water, drug combination",4534
D000451,Mineralocorticoid Receptor Antagonists,4535
D008901,Mineralocorticoids,4536
D008899,Mineral Oil,4537
D008903,Minerals,4538
C098026,MINE regimen,4539
D008911,Minocycline,4540
D008914,Minoxidil,4541
C520025,mirabegron,4542
C506614,mirdametinib,4543
D000078785,Mirtazapine,4544
D008920,Misonidazole,4545
D016595,Misoprostol,4546
C066851,mithramycin A,4547
D016685,Mitomycin,4548
D008937,Mitomycins,4549
C429014,mitoquinone,4550
D008939,Mitotane,4551
C555916,MitoTEMPO,4552
D008942,Mitoxantrone,4553
C001801,mitragynine,4554
C121049,mitragynine pseudoindoxyl,4555
D000077590,Mivacurium,4556
C087969,mivazerol,4557
C017540,mixidine,4558
C076170,mizolastine,4559
C010052,mizoribine,4560
C587715,MJN110,4561
C518174,MK-0524,4562
C570834,MK0626,4563
C006054,MK 142,4564
C548887,MK 2206,4565
C540575,MK2i peptide,4566
C021276,MK 761,4567
C575097,MK-8825,4568
C060893,MK-886,4569
C000711471,ML-265,4570
C070571,ML 7,4571
C056218,ML 9,4572
C550258,MLN 8237,4573
C052012,MMM protocol 2,4574
C502230,"Mn(III) 5,10,15,20-tetrakis(N-methylpyridinium-2-yl)porphyrin",4575
D020912,Moclobemide,4576
D000077408,Modafinil,4577
C058302,moexipril,4578
C054999,mofezolac,4579
C040750,MOF-Strep protocol,4580
C087933,moguisteine,4581
C082430,molgramostim,4582
C477246,Moli1901,4583
D008972,Molindone,4584
C000656703,molnupiravir,4585
D008981,Molsidomine,4586
D000068656,Mometasone Furoate,4587
C517880,monascin,4588
D008985,Monensin,4589
D008996,Monoamine Oxidase Inhibitors,4590
C006429,monobenzone,4591
C008542,monodansylcadaverine,4592
C001173,monoethylglycinexylidide,4593
C091888,"monoisoamyl-2,3-dimercaptosuccinate",4594
C495575,monomethyl auristatin E,4595
C048436,monophosphoryl lipid A,4596
C507582,monotropein,4597
C093875,montelukast,4598
C031926,montirelin,4599
D009012,Mopidamol,4600
C056641,MOPP-ABV protocol,4601
C507380,MOPPEBVCAD protocol,4602
C014553,MOPP protocol,4603
D016293,Moricizine,4604
C008548,morin,4605
C547405,morinidazole,4606
C028889,morphiceptin,4607
D009020,Morphine,4608
C035349,morphine-6-glucuronide,4609
C550436,"morphine, naltrexone combination",4610
C073333,morphocycline,4611
D009025,Morpholines,4612
C488401,morroniside,4613
C057451,morusin,4614
C062720,mosapride,4615
C028045,Motival,4616
C038881,moutan cortex,4617
D009070,Moxalactam,4618
C027837,moxidectin,4619
D000077266,Moxifloxacin,4620
D013948,Moxisylyte,4621
C043482,moxonidine,4622
C065095,MP regimen,4623
C032478,MR 2034,4624
C518484,MRC AML 10 protocol,4625
C000722997,MRI-1867,4626
C523799,MRK 003,4627
C112266,MRZ 2-576,4628
C059136,MS 857,4629
D009075,MSH Release-Inhibiting Hormone,4630
C100716,"MSK-NY-II protocol, modified",4631
C113602,MSX 3 compound,4632
C568376,MT19c compound,4633
C000721091,MTDZ compound,4634
C546861,m-trifluoromethyl-diphenyl diselenide,4635
C502265,"mu-conotoxin KIIIA, Conus kinoshitai",4636
C047825,mulberrofuran G,4637
C420606,mulberroside A,4638
C000718871,multi-kinase inhibitor 108600,4639
C500085,muraglitazar,4640
C464947,mururin A,4641
D018727,Muscarinic Antagonists,4642
D009118,Muscimol,4643
C044361,M-VAC protocol,4644
C072043,MVMF protocol,4645
C432344,MW167,4646
D009173,Mycophenolic Acid,4647
C435023,myelin proteolipid protein (139-151),4648
C530779,Myelophil,4649
C000605992,MYK-461,4650
C040015,myricetin,4651
C008577,myricitrin,4652
D009227,Myristic Acids,4653
C005246,myristicin,4654
C587573,myrrh resin,4655
C468150,myrsinoic acid B,4656
C061545,myrtenal,4657
C534317,myrtenol,4658
C030517,myxothiazol,4659
C000597426,"N-(1,2,3,5,6,7-hexahydro-S-indacen-4-ylcarbamoyl)-4-(2-hydroxy-2-propanyl)-2-furansulfonamide",4660
C531033,"N-(1-(2,3-dimethoxyphenyl)-4-methyl-3-penten-1-yl)-1-(5-bromofurfuryl)-1-piperidyl-4-amine",4661
C576398,"N-(1-(3,4-difluorobenzyl)piperidin-4-yl)-6-(trifluoromethyl)pyridazin-3-amine",4662
C569762,"N-(1-(3-chloro-4-hydroxyphenyl)-3-(1,1-dimethylethyl)-1H-pyrazol-5-yl)-N'-((2-((3-(2-((2-hydroxyethyl)thio)phenyl)-1,2,4-triazolo(4,3-a)pyridin-6-yl)thio)phenyl)methyl)-urea",4663
C569751,"N-(1-(4-(4-methoxybenzyl)-5-phenethyl-4H-1,2,4-triazol-3-yl)-2-(1H-indol-3-yl)ethyl)-2-aminoacetamide",4664
C477185,N-(1-(4-fluoro-3-morpholin-4-ylphenyl)ethyl)-3-(4-fluorophenyl)acrylamide,4665
C000597234,N-(1-(7-fluoro-2-(pyridin-2-yl)quinolin-3-yl)ethyl)-9H-purin-6-amine,4666
C513163,"N-(1-azabicyclo(2.2.2)oct-3-yl)furo(2,3-c)pyridine-5-carboxamide",4667
C515928,"(N-(1-(((cyanoimino)(5-quinolinylamino) methyl) amino)-2,2-dimethylpropyl)-2-(3,4-dimethoxyphenyl)acetamide)",4668
C561056,N-(1-ethylpropyl)-(3-methoxy-5-(2-methoxy-4-trifluoromethoxyphenyl)-6-methyl-pyrazin-2-yl)amine,4669
C557644,"N-(1-methyl-2-oxo-1,2,3,4-tetrahydro-7-quinolyl)-2-((2-methylpyrrolidin-1-yl)methyl)biphenyl-4-carboxamide",4670
C047235,N-(1-methyl-2-phenylethyl)adenosine,4671
C092756,N-(1-methyl-5-indolyl)-N'-(3-methyl-5-isothiazolyl)urea,4672
C502260,"N-(1-methylethyl)-1,1,2-trimethylpropylamine",4673
C024058,N(1)-methylnicotinamide,4674
C058306,"N(1),N(14)-bis(ethyl)homospermine",4675
C497935,"N-((1R,2S)-2-hydroxy-1-hydroxymethyl-2-(2-tridecyl-1-cyclopropenyl)ethyl)octanamide",4676
C107666,N-(2-(1-azabicyclo(3.3.0)octan-5-yl)ethyl)-2-nitroaniline,4677
C545493,"N-(2-(2-(2-aminoethoxy)ethoxy)ethyl)-N-butyl-6-decyl-1,3,5-triazine-2,4-diamine",4678
C562237,"N-(2-(2-(4-(4-(2-hydroxypropyl)piperazin-1-yl)-2-methoxyphenylamino)pyrrolo(2,1-f)(1,2,4)triazin-7-yl)phenyl)-N-methylmethanesulfonamide",4679
C469937,"N(2)-(2-aminocyclohexyl)-N(6)-(3-chlorophenyl)-9-ethyl-9H-purine-2,6-diamine",4680
C550454,"N-(2-(2-methoxy-6H-dipyrido(2,3-a-3,2-e)pyrrolizin-11-yl)ethyl)-2-furamide",4681
C484278,"N2-((2S)-2-(3,5-difluorophenyl)-2-hydroxyethanoyl)-N1-((7S)-5-methyl-6-oxo-6,7-dihydro-5H-dibenzo(b,d)azepin-7-yl)-L-alaninamide",4682
C097963,"N-(2-(3,4-Dichlorphenyl)ethyl)-N,N',N'-trimethyl-1,2-ethandiamin",4683
C524550,"N-(2-(3,5-di-tert-butyl-4-hydroxyphenyl)-4-oxo-thiazolidin-3-yl)-nicotinamide",4684
C560625,N-(2-(3H-indol-3-yl)ethyl)-9-isopropyl-2-(5-methyl-3-pyridyl)purin-6-amine,4685
C090413,N-(2-(4-(2-methoxyphenyl)-1-piperazinyl)ethyl)-N-(2-pyridinyl)cyclohexanecarboxamide,4686
C570404,"N-(2-(4-((3-chloro-4-(3-(trifluoromethyl)phenoxy)phenyl)amino)-5H-pyrrolo(3,2-d)pyrimidin-5-yl)ethyl)-3-hydroxy-3-methylbutanamide",4687
C470655,"N-((2'-(((4,5-dimethyl-3-isoxazolyl)amino)sulfonyl)-4-(2-oxazolyl)(1,1'-biphenyl)-2-yl)methyl)-N,3,3-trimethylbutanamide",4688
C063509,N-(2-(4-bromocinnamylamino)ethyl)-5-isoquinolinesulfonamide,4689
C528863,N-(2-(4-methoxyphenyl)-4-oxothiazolidin-3-yl)nicotinamide,4690
C062737,"N-(2,6-dimethylergoline-8-yl)-2,2-dimethylpropanamide",4691
C559869,"N-(2-(7-(cyclohexylmethyl)-1,6-dihydro-2H-indeno(5,4-b)furan-8-yl)ethyl)acetamide",4692
C485107,"N-(2-acetyl-4,6-dimethylphenyl)-3-(3,4-dimethylisoxazol-5-ylsulfamoyl)thiophene-2-carboxamide",4693
C044388,N-(2-aminoethyl)-5-isoquinolinesulfonamide,4694
C059362,"N-(2-chloro-6-methylergoline-8-yl)-2,2-dimethylpropanamide",4695
C051263,N'-(2-chloroethyl)-N-(2-(methylsulfonyl)ethyl)-N'-nitrosourea,4696
C041148,N-(2-chloroethyl)-N-nitrosoacetamide,4697
C107873,N-(2-chlorophenylpropyl)-1-(3-methoxyphenyl)ethylamine,4698
C080955,N-(2-cyclohexyloxy-4-nitrophenyl)methanesulfonamide,4699
C475761,N-(2-(diethylamino)ethyl)-2-iodobenzamide,4700
C436740,"N-(2-hydroxy-3-(2-cyano-3-chlorophenoxy)propyl)-1,1-dimethyl-2-(2-nephthyl)ethylamine",4701
C521850,N-(2-hydroxybenzoyl)tyramine,4702
C516322,N'-((2-hydroxyphenyl)carbonothioyl)pyridine-2-carbohydrazide,4703
C482378,N-(2-hydroxypropyl)methacrylamide co-polymer-doxorubicin conjugate,4704
C020174,"N-(2-mercaptoethyl)-1,3-diaminopropane",4705
C561228,"N-(2-methyl-3-(4-(4-(4-(trifluoromethoxy)benzyloxy)piperidin-1-yl)-1,3,5-triazin-2-ylamino)phenyl)acetamide",4706
C462953,"N-(2-methyl-3-hydroxyphenyl)-5,8,11,14-eicosatetraenamide",4707
C481648,"N-(2-methyl-4,5-bis(methylsulfonyl)benzoyl)guanidine",4708
C053177,N-(2-(methylamino)ethyl)-5-isoquinolinesulfonamide,4709
C515439,N-(2-(m-methoxyphenyl)ethyl)-N-ethyl-2-(1-pyrrolidinyl)ethylamine,4710
C558357,"N2,N4-dibenzylquinazoline-2,4-diamine",4711
C515440,N-(2-(o-methoxyphenyl)ethyl)-N-ethyl-2-(1-pyrrolidinyl)ethylamine,4712
C506836,N'-(2-phenylallyl)hydrazine,4713
C515441,N-(2-(p-methoxyphenyl)ethyl)-N-ethyl-2-(1-pyrrolidinyl)ethylamine,4714
C108761,N-(2-propylpentanoyl)urea,4715
C078131,N-(2(R)-2-(hydroxamidocarbonylmethyl)-4-methylpentanoyl)-L-tryptophan methylamide,4716
C472071,"N-(2-thiolethyl)-2-(2-(N'-(2,6-dichlorophenyl)amino) phenyl)acetamide",4717
C108531,"N-(3-(2-dimethylamino)ethoxy-4-methoxyphenyl)-2'-methyl-4'-(5-methyl-1,2,4-oxadiazol-3-yl)-(1,1'-biphenyl)-4-carboxamide",4718
C407002,N-3-(3-(3-methoxy-4-oxazol-5-ylphenyl)ureido)benzylcarbamic acid tetrahydrofuran-3-yl ester,4719
C568953,"N3-(4-(4-morpholinocyclohexyl)phenyl)-1-(pyridin-2-yl)-1H-1,2,4-triazole-3,5-diamine",4720
C521311,N-(3-(4-chlorophenyl)-2-(3-cyanophenyl)-1-methylpropyl)-2-methyl-2-((5-(trifluoromethyl)pyridin-2-yl)oxy)propanamide,4721
C492919,"N-(3,5-bis(trifluoromethyl)phenyl)-5-chloro-2-hydroxybenzamide",4722
C569677,"N-(3-((5-cyano-6-methylpyridin-2-yl)oxy)-2,2,4,4-tetramethylcyclobutyl)imidazo(1,2-a)pyrimidine-3-carboxamide",4723
C000624602,"N-((3,5-difluorophenyl)acetyl)alanyl-2-phenylglycine-1,1-dimethylethyl ester",4724
C104820,N-(3-(aminomethyl)benzyl)acetamidine,4725
C496401,N-((3-(aminomethyl)phenyl)methyl)ethanimidamide,4726
C569674,"N-(3-chloro-4-(bicyclo(2.2.1)hept-5-ene-1,3-dioxo-1H-isoindol-1-yl)phenyl)picolinamide",4727
C582844,"N-(3-chlorophenyl)-2-(4-((2,4-dioxothiazolidin-5-ylidene)methyl)phenoxy)acetamide",4728
C571150,N-(3-chlorophenyl)picolinamide,4729
C415424,"N3-cyclopropyl-7-((4-(1-methylethyl)phenyl)methyl)-7H-pyrrolo(3, 2-f)quinazoline-1,3-diamine",4730
C477659,N-(3-methoxyphenyl)-4-chlorocinnamanilide,4731
C542801,"N-(3-oxo-3-(4-(pyridin-4-yl)piperazin-1-yl)propyl)benzo(c)(1,2,5)thiadiazole-4-sulfonamide",4732
C550670,"N'-((3Z)-1-(1-hexyl)-2-oxo-1,2-dihydro-3H-indol-3-ylidene)benzohydrazide",4733
C480543,N-(4-(1-benzoylpiperidin-4-yl)butyl)-3-(pyridin-3-yl)acrylamide,4734
C561240,N-(4-(2-(2-propylpyridin-4-yl)thiazol-4-yl)phenyl)methanesulfonamide,4735
C539157,N-(4-(2-(4-(3-cyano-5-trifluoromethylphenyl)piperazin-1-yl)ethyl)cyclohexyl)-3-pyridinesulfonic amide,4736
C526614,"N-(4-(2-(8-cyano-1,3a,4,9b-tetrahydro(1)benzopyrano(3,4-c)pyrrol-2(3H)-yl)ethyl)phenyl)acetamide",4737
C435583,N-(4-(2-hydroxy-3-(2-methoxy-1-oxyethylaminobenzene)propoxy))benzaldehyde,4738
C496199,"N-(4-(3-((4-fluorophenyl)hydroxymethyl)-4-hydroxyphenoxy)-3,5-dimethylphenyl) malonamic acid sodium",4739
C497150,"N-(4-(4-(2,3-dichlorophenyl)piperazin-1-yl)but-2-enyl)-4-pyridine-2-ylbenzamide",4740
C545833,"N-(4-(4-(2,3-dichlorophenyl)piperazin-1-yl)butyl)-4-(pyridin-2-yl)benzamide",4741
C518644,N-(4-(4-(3-aminocarbonyl-phenyl)-piperazin-1-yl)-butyl)-4-bromo-benzamide,4742
C045598,"N-(4,4-diphenyl-3-butenyl)nipecotic acid",4743
C583223,"N-((4-(4-methylpiperazin-1-yl)phenyl)methyl)-1,2-oxazole-5-carboxamide",4744
C528911,"N-((4-(5,9-diethoxy-6-oxo-6,8-dihydro-7H-pyrrolo(3,4-g)quinolin-7-yl)-3-methylbenzyl)sulfonyl)-2-(2-methoxyphenyl)acetamide",4745
C524875,N-(4-bromophenyl) 3-(4-bromophenylaminosulfonyl)benzamide,4746
C000589288,N-(4-chlorophenyl)-1-((3-(furan-2-yl)phenyl)carbonyl)piperidine-3-carboxamide,4747
C507425,N-(4-cyano-benzo(b)thiophene-2-carbonyl)guanidine,4748
C010737,N(4)-hydroxycytidine,4749
C107594,N-(4-hydroxyphenyl)arachidonylamide,4750
C084238,N-((4-hydroxyphenyl)retinamide)-O-glucuronide,4751
C058346,N-(4-methoxyphenyl)retinamide,4752
C475772,N-(4-tert-butylphenyl)-4-(3-chloropyridin-2-yl)tetrahydropyrazine-1(2H)-carboxamide,4753
C568952,"N-((5-((2-amino-4-oxo-4,7-dihydro-3H-pyrrolo(2,3-d)pyrimidin-6-yl)propyl)thiophen-2-yl)carbonyl)glutamic acid",4754
C550711,N-(5-amino-2-pyridinyl)-4-trifluoromethylbenzamide,4755
C084956,N(6)-(3-iodobenzyl)-5'-N-methylcarboxamidoadenosine,4756
C017061,N(6)-benzyladenosine,4757
C527835,"N-(6-Chloropyridin-3-yl)-3,4-difluorobenzamide",4758
C027513,N(6)-cyclohexyladenosine,4759
C048599,N(6)-cyclopentyladenosine,4760
C580583,N6L peptide,4761
C111914,"N(6)-methyl-2'-deoxyadenosine 3',5'-diphosphate",4762
C055172,N-7-(2-(nitrophenyldithio)ethyl)mitomycin C,4763
C521703,"N-(7-hydroxy-5,6,7,8-tetrahydronaphthalen-1-yl)-3-(2-(piperidin-1-yl)-6-(trifluoromethyl)pyridin-3-yl)acrylamide",4764
C065126,N-(8-amino-1-carboxyoctyl)-alanyl-proline,4765
C583222,"N-(9,10-dioxo-9,10-dihydroanthracen-2-yl)benzamide",4766
C011941,nabilone,4767
C587251,nabiximols,4768
D000077430,Nabumetone,4769
C455219,N-acetylcochinol-O-phosphate,4770
C487056,N-Acetylcysteinamide,4771
C086501,N-acetylcysteine lysinate,4772
C010005,N-acetylpenicillamine,4773
C488176,N-acetyl-S-(alpha-methyl-4-(2-methylpropyl)benzeneacetyl)cysteine 4-(nitrooxy)butyl ester,4774
C068268,N-acetyl-S-farnesylcysteine,4775
C064769,N-acetylsphingosine,4776
C500617,NAc-Sar-Gly-Val-(d-allo-Ile)-Thr-Nva-Ile-Arg-ProNEt,4777
D009243,NAD,4778
C561593,"N-(adamantan-1-yl)-8-methoxy-4-oxo-1-pentyl-1,4-dihydroquinoline-3-carboxamide",4779
D009248,Nadolol,4780
D009249,NADP,4781
D017762,Nadroparin,4782
C097285,nafadotride,4783
C032855,nafamostat,4784
D009254,Nafcillin,4785
D009257,Nafronyl,4786
C064357,naftopidil,4787
D009266,Nalbuphine,4788
D009268,Nalidixic Acid,4789
C504727,N-allyl-(bisfluorophenyl)methoxytropane,4790
C038981,nalmefene,4791
D009269,Nalorphine,4792
C034643,naloxonazine,4793
D009270,Naloxone,4794
C039527,naloxone-6-spirohydantoin,4795
C058380,naloxone benzoylhydrazone,4796
D009271,Naltrexone,4797
C055382,naltrindole,4798
D000077603,Nandrolone Decanoate,4799
C008580,nandrolone phenpropionate,4800
D037742,"Nanotubes, Carbon",4801
C571443,naoxintong,4802
C000621033,napabucasin,4803
D009278,Naphazoline,4804
C545482,"naphtha(1,2-d)thiazol-2-amine",4805
C043836,naphthalan,4806
C524107,naphthalen-1-yl-(4-pentyloxynaphthalen-1-yl)methanone,4807
C031721,naphthalene,4808
C542131,naphthalenediimide,4809
D009281,Naphthalenes,4810
C005503,naphthazarin,4811
C073873,"naphtho(1,2-b)furan-4,5-dione",4812
D009287,Naphthyridines,4813
D009288,Naproxen,4814
C111751,naproxen-n-butyl nitrate,4815
C106783,naratriptan,4816
D009292,Narcotic Antagonists,4817
D009294,Narcotics,4818
C011513,nardosinone,4819
C005273,naringenin,4820
C027329,naringenin chalcone,4821
C005274,naringin,4822
C556401,natakalim,4823
D010866,Natamycin,4824
D000077715,Nateglinide,4825
D020097,"Natriuretic Peptide, Brain",4826
C528561,navitoclax,4827
C042631,naxagolide,4828
C467063,"NBD peptide, mouse",4829
C046808,N-benzyladriamycin-14-valerate,4830
C048763,N-benzylglucamine dithiocarbamate,4831
C529219,"N-benzyl-N-(6,7,8,9,10,11-hexahydro-13H-azocino(2,1-b)quinazolin-13-ylidene)amine",4832
C502525,"N-benzyl-N-ethyl-2-(7,8-dihydro-7-methyl-8-oxo-2-phenyl-9H-purin-9-yl)acetamide",4833
C101290,N-(benzyloxycarbonyl)-phenylalanyl-tyrosinal,4834
C000599186,N-butyl-(1-(4-methoxy)phenyl-9H-beta-carboline)-3-carboxamide,4835
C545555,N-butyloxycarbonyl-methionyl-aspartyl-glycyl-cysteinyl-glutamyl-leucine,4836
C115056,NC 1900,4837
C006895,N-carbamylglutamate,4838
C000601996,NCP-2454,4839
C498045,NCX 4040,4840
C524539,NCX 6560,4841
C070492,N-cyano-N'-(2-nitroxyethyl)-3-pyridinecarboximidamide methanesulfonate,4842
C006084,N-(cyclopropylmethyl)-19-isopentylnororvinol hydrochloride,4843
C079980,N-desmethyldauricine,4844
C433466,nebicapone,4845
D000068577,Nebivolol,4846
C056640,nebracetam,4847
C507699,necrostatin-1,4848
C556282,necrox-7,4849
C053989,nedaplatin,4850
D017835,Nedocromil,4851
C002443,neem oil,4852
C051752,nefazodone,4853
C057222,neferine,4854
C058876,nefiracetam,4855
D009340,Nefopam,4856
C104457,nelarabine,4857
D019888,Nelfinavir,4858
C056041,nemadectin,4859
C030265,nemonapride,4860
C073331,neoarsphenamine,4861
C002701,neocuproine,4862
C045863,neo-gambogic acid,4863
C546526,neohesperidin,4864
C013613,neohesperidin dihydrochalcone,4865
C023031,neolinustatin,4866
C442164,neomangiferin,4867
D009355,Neomycin,4868
D009388,Neostigmine,4869
C114144,neramexane,4870
C487932,neratinib,4871
C037055,nerolidol,4872
C559866,"N'-ethyl-2-(hydroxyimino)-N,N-dimethylacetimidamide",4873
D009428,Netilmicin,4874
C049626,netobimin,4875
C115174,netoglitazone,4876
C508854,netupitant,4877
D009466,Neuromuscular Blocking Agents,4878
D003473,Neuromuscular Nondepolarizing Agents,4879
C062259,"neuropeptide Y, Leu(31)-Pro(34)-",4880
D009496,Neurotensin,4881
C407426,neurotensin 69L,4882
C547346,neurotensin NT79,4883
D018377,Neurotransmitter Agents,4884
C010491,neurotropin,4885
D019829,Nevirapine,4886
C067744,N-gamma-glutamylcysteine ethyl ester,4887
C116818,NGB 2904,4888
D019331,NG-Nitroarginine Methyl Ester,4889
C414024,NH 125,4890
C578458,N-hexanoic-Tyr-Ile-(6) aminohexanoic amide,4891
C068663,N-hydroxy-N-(1-(4-(phenylmethoxy)phenyl)ethyl)-acetamide,4892
D009525,Niacin,4893
D009536,Niacinamide,4894
C047768,nicainoprol,4895
D009529,Nicardipine,4896
D009530,Nicergoline,4897
D009531,Niceritrol,4898
C022838,nickel chloride,4899
D009534,Niclosamide,4900
D020108,Nicorandil,4901
C018613,nicotinamide-beta-riboside,4902
D009537,Nicotinamide Mononucleotide,4903
D009538,Nicotine,4904
D009539,Nicotinic Acids,4905
D018722,Nicotinic Agonists,4906
D009540,Nicotinyl Alcohol,4907
C557119,NicVAX,4908
D009543,Nifedipine,4909
C076259,nifekalant,4910
C100250,nifenalol,4911
C578899,niferidil,4912
D009544,Niflumic Acid,4913
C013150,nifuroxazide,4914
D009547,Nifurtimox,4915
C090725,niga-ichigoside F1,4916
C080157,nigellone,4917
C054074,niguldipine,4918
C498826,nilotinib,4919
C021277,nilutamide,4920
C035100,nilvadipine,4921
C496111,nimbidiol,4922
C042198,nimbolide,4923
C012655,nimesulide,4924
D009553,Nimodipine,4925
D009554,Nimorazole,4926
D015376,Nimustine,4927
C427584,NIP142,4928
C547323,(Ni(Py-3')TPP-Ru(phen)2Cl)(PF6),4929
D009560,Niridazole,4930
C550722,nirogacestat,4931
C069015,"N-isobutyl-1,2-diphenylethanolamine",4932
D015737,Nisoldipine,4933
C011386,nisoxetine,4934
C041747,nitazoxanide,4935
C057364,nitecapone,4936
C013615,nitidine,4937
C077073,nitisinone,4938
D009566,Nitrates,4939
D009567,Nitrazepam,4940
D009568,Nitrendipine,4941
D017942,Nitric Acid,4942
D009569,Nitric Oxide,4943
D020030,Nitric Oxide Donors,4944
C510090,nitric oxide-pegylated epirubicin,4945
D009573,Nitrites,4946
C102148,nitroaspirin,4947
C095631,nitroflurbiprofen,4948
D009582,Nitrofurantoin,4949
D009583,Nitrofurazone,4950
D009588,Nitrogen Mustard Compounds,4951
D005996,Nitroglycerin,4952
D009593,Nitroimidazoles,4953
D009599,Nitroprusside,4954
D009607,Nitrosourea Compounds,4955
D009609,Nitrous Oxide,4956
C005308,nitroxoline,4957
D016567,Nizatidine,4958
C000591546,"NKCT1 protein, Naja kaouthia",4959
C464603,NL-71-101,4960
C118983,Nle(1)-AngIV,4961
C069013,"N-methyl-1,2-diphenylethanolamine",4962
C116674,"N-methyl 2,2,3,3-tetramethylcyclopropane carboxamide",4963
D018817,"N-Methyl-3,4-methylenedioxyamphetamine",4964
C464560,N-methyl-3-(bis(4'-fluorophenyl)methoxy)tropane,4965
C048140,N-methylhistamine,4966
C047330,N-methylisoindigotin,4967
C014672,N-methyllidocaine,4968
C038672,N-methyl-N-(1-methyl-4-pyrrolidino-2-butynyl)acetamide,4969
C520612,"N-methyl-N-(6-methoxy-1-phenyl-1,2,3,4-tetrahydronaphthalen-2-ylmethyl)aminomethylcarboxylic acid",4970
C045365,N-methylnalorphine,4971
C041269,N-methylnaloxone,4972
D019832,N-Methylscopolamine,4973
C087567,N-methyltropan-3-yl 2-(4-bromophenyl)propionate,4974
C030905,N-monoacetylcystine,4975
C000623013,NMS-873,4976
C419410,"N-(N-(3,5-difluorophenacetyl)alanyl)phenylglycine tert-butyl ester",4977
C502805,"N,N'-((5-(2-amino-5-(2-methylpropyl)-4-thiazolyl)-2-furanyl)phosphinylidene)bis(alanine) diethyl ester",4978
C090577,"N,N'-bis(salicylideneamino)ethane-manganese(II)",4979
C504726,N-(n-butyl)-(bis-fluorophenyl)methoxytropane,4980
C484287,NNC 55-0396,4981
C078793,NNC 711,4982
C066392,"N,N-diacetylhomotaurine",4983
C507346,"N,N'-dibenzhydrylethane-1,2-diamine dihydrochloride",4984
C478058,"N,N'-dicyclopentyl-2-methylsulfanyl-5-nitro-pyrimidine-4,6-diamine",4985
C081306,"N,N-di-n-hexyl-2-(4-fluorophenyl)indole-3-acetamide",4986
C443260,"N,N'-diphenyl-4-methoxybenzamidine",4987
C004845,"N,N'-diphenyl-4-phenylenediamine",4988
C520026,"N,N'-dipropyl-1,2-bis(2,6-dichloro-4-hydroxyphenyl)ethylenediamine",4989
C083832,"N,N-dipropyl-2-(4-methoxy-3-(2-phenylethoxy)phenyl)ethylamine monohydrochloride",4990
C005514,"N,N'-monomethylenebis(pyridiniumaldoxime)",4991
C044387,"N,N,N',N'-tetrakis(2-pyridylmethyl)ethylenediamine",4992
C009074,N-n-propylnorapomorphine,4993
C016868,N-n-propyl-N-phenylethyl-4(3-hydroxyphenyl)ethylamine hydrochloride,4994
C076525,NO 756,4995
C008661,nobiletin,4996
C093285,NOC 18,4997
D000097629,Nociceptin,4998
C114149,"nociceptin (1-13)-NH2, Phe(1)-psi(CH2-NH)-Gly(2)-",4999
C525846,"nociceptin-amide, Nphe(1)-(pF)Phe(4)-Aib(7)-Arg(14)-Lys(15)-",5000
C111148,nocistatin,5001
C548830,nodosin,5002
C488796,N-oleoyldopamine,5003
C033595,N-oleoylethanolamine,5004
C068206,N-oleylhomovanillamide,5005
D009627,Nomifensine,5006
D017137,Nonoxynol,5007
C050302,nootkatone,5008
C083966,NOPE protocol,5009
C087651,NOPP protocol,5010
C008667,noramidopyrine,5011
C069053,norathyriol,5012
C051844,norbinaltorphimine,5013
C069741,norcantharidin,5014
C058272,norclozapine,5015
D009638,Norepinephrine,5016
D009640,Norethindrone,5017
D000077563,Norethindrone Acetate,5018
C005310,norfenefrine,5019
D009642,Norfenfluramine,5020
D009643,Norfloxacin,5021
C036139,norfluoxetine,5022
C020965,norflutoprazepam,5023
C017576,norgestimate,5024
C109079,"norgestimate, ethinyl estradiol drug combination",5025
C010262,norharman,5026
C094385,noribogaine,5027
C014715,Norinyl,5028
C464745,norisoboldine,5029
C010616,normorphine,5030
D009661,Nortriptyline,5031
D009665,Noscapine,5032
C528728,nothofagin,5033
C072936,notoginsenoside R1,5034
C542919,notoginseny,5035
D009675,Novobiocin,5036
C434926,"N-(oxo-5,6-dihydrophenanthridin-2-yl)-N,N-dimethylacetamide hydrochloride",5037
C529989,NP 40208,5038
C117759,NPC 18884,5039
C101705,N-phenacylthiazolium bromide,5040
C000596368,N-phenethylbenzamide,5041
C470324,N-phenethylpiperidine oxalate,5042
C442478,N-phenyl-7-(hydroxyimino)cyclopropa(b)chromen-1a-carboxamide,5043
C553580,"N-(piperidin-1-yl)-1-(2,4-dichlorophenyl)-1,4-dihydro-6-methylindeno(1,2-c)pyrazole-3-carboxamide",5044
C487484,N-pip-phenylalanine-homophenylalanine-vinyl sulfone phenyl,5045
C559056,NPLC 0393,5046
C423264,(N-propargyl-(3R) aminoindan-5-yl)-ethyl methyl carbamate,5047
C561226,"N-propylnoraporphin-11-yl 5-(1,2-dithiolan-3-yl)pentanoate",5048
C111654,NPS R-467,5049
C106996,NRA 0045,5050
C121249,NRA 0160,5051
C528638,NR-ANX-C,5052
C085084,NSC 100880,5053
C487513,NSC 23766,5054
C117469,NSC 284682,5055
C570896,NSC305787,5056
C404397,NSC 680410,5057
C558013,NSC 689534,5058
C082247,NSP 804,5059
C082248,NSP 805,5060
C071369,"n-tritriacontane-16,18-dione",5061
C466913,NU2058,5062
C008692,nuciferine,5063
D009706,"Nucleic Acids, Nucleotides, and Nucleosides",5064
D009705,Nucleosides,5065
D009711,Nucleotides,5066
C482205,nutlin 3,5067
C502355,NVP ADW742,5068
C516714,NVP-TAE684,5069
C010722,nylestriol,5070
C000594859,nymphayol,5071
D009761,Nystatin,5072
C568537,O-1602 compound,5073
C474958,"O(2)-(2,4-dinitrophenyl) 1-((4-ethoxycarbonyl)piperazin-1-yl)diazen-1-ium-1,2-diolate",5074
C107010,"O(2)-vinyl-1-(pyrrolidin-1-yl)diazen-1-ium-1,2-diolate",5075
C064976,O(6)-benzylguanine,5076
C464660,obeticholic acid,5077
D009768,Obidoxime Chloride,5078
C408162,oblimersen,5079
C051760,OC-HDP protocol,5080
D000077609,O-(Chloroacetylcarbamoyl)fumagillol,5081
C080118,ocimum oil,5082
C002763,octacosane,5083
C084837,octadecyl-(2-(N-methylpiperidino)ethyl)phosphate,5084
C100288,octoclothepine,5085
D009655,Octopamine,5086
D015282,Octreotide,5087
C013934,octylonium,5088
C033635,O-demethylencainide,5089
C050052,O-desmethylangolensin,5090
C051595,OEPP protocol,5091
D015242,Ofloxacin,5092
C075975,oil of Chenopodium,5093
D009822,"Oils, Volatile",5094
D019319,Okadaic Acid,5095
D000077152,Olanzapine,5096
C492572,olanzapine-fluoxetine combination,5097
C531550,olaparib,5098
C406305,olcegepant,5099
C021065,oleandrin,5100
D009828,Oleanolic Acid,5101
C052658,oleanolic acid 3-acetate,5102
D019301,Oleic Acid,5103
C503534,oleocanthal,5104
C108709,oleoyl-estrone,5105
C488250,oleoylethanolamide,5106
C522838,olesoxime,5107
C002769,oleuropein,5108
C029407,oleylamide,5109
C440229,Oleylethanolamide,5110
C031004,oligomycin A,5111
D009840,Oligomycins,5112
D009842,Oligopeptides,5113
D020320,"Oligoribonucleotides, Antisense",5114
D009844,Oligosaccharides,5115
D000069463,Olive Oil,5116
C437965,olmesartan,5117
D000068557,Olmesartan Medoxomil,5118
D000069605,Olopatadine Hydrochloride,5119
C059498,olprinone,5120
C032587,olsalazine,5121
C026209,oltipraz,5122
C054256,olvanil,5123
C000591640,omadacycline,5124
C106266,omapatrilat,5125
C000589490,omaveloxolone,5126
C586094,ombitasvir,5127
D020867,omega-Agatoxin IVA,5128
D020866,omega-Conotoxin GVIA,5129
D020960,omega-Conotoxins,5130
D009853,Omeprazole,5131
C507134,ON 01910,5132
C000629279,onabotulinum toxin A,5133
C517551,"O-n-butanoyl-2,3-O-isopropylidenemannofuranoside",5134
C077199,"O,N-carboxymethylchitosan",5135
C561038,ONCOFID-S,5136
D017294,Ondansetron,5137
C105488,ONO 1301,5138
C560865,ONO-5334,5139
C000592118,ONO-8430506,5140
C122148,ONO 8711,5141
C461399,ONO-AE1-329,5142
C067523,ONO-LB 457,5143
C095324,ONO-NT 012,5144
C051098,OPAL protocol,5145
C105739,OPB 9195,5146
C516022,OPC-67683,5147
C432684,OPEC OJEC protocol,5148
C046996,ophiopogonin D,5149
D053610,Opiate Alkaloids,5150
D009888,Opipramol,5151
D009892,Opium,5152
C435444,OPP-EBV-CAD regimen,5153
C040392,OPP protocol,5154
C105308,oprelvekin,5155
C057726,OR486,5156
C103439,oracine,5157
C412603,orantinib,5158
C061676,oren gedoku to,5159
C013765,Org 2766,5160
D050607,Organogold Compounds,5161
D009942,Organometallic Compounds,5162
D009944,Organoplatinum Compounds,5163
D016566,Organoselenium Compounds,5164
D009947,Organotin Compounds,5165
C011959,oridonin,5166
C100708,oritavancin,5167
D000077403,Orlistat,5168
C508548,ormeloxifene,5169
C010269,Ornade,5170
D009950,Ornidazole,5171
D009963,Orotic Acid,5172
D009966,Orphenadrine,5173
C571806,orteronel,5174
C511292,Ortho Evra,5175
C012465,oryzalin,5176
D053139,Oseltamivir,5177
C535162,oseltamivir carboxylate,5178
C096294,osemozotan,5179
C000596361,osimertinib,5180
D009993,Osmium Tetroxide,5181
C119141,Ospemifene,5182
C013173,osteum,5183
C046627,osthol,5184
C109513,OSU 6162,5185
C048593,otenzepad,5186
D010042,Ouabain,5187
C034653,Oviol,5188
D010068,Oxacillin,5189
D010069,Oxadiazoles,5190
D000077150,Oxaliplatin,5191
D010072,Oxamic Acid,5192
D010073,Oxamniquine,5193
D010074,Oxandrolone,5194
C037225,oxantel pamoate,5195
D000077431,Oxaprozin,5196
D010076,Oxazepam,5197
C476610,oxcarbamazepine,5198
D000078330,Oxcarbazepine,5199
C011030,oxfendazole,5200
C011321,oxibendazole,5201
D016627,Oxidopamine,5202
C026055,oxilofrine,5203
D010091,Oximes,5204
C015411,oxiperomide,5205
C431073,oxiplatin,5206
C040619,oxiracetam,5207
C017590,oxitropium,5208
C100059,oxophenarsine,5209
D010095,Oxotremorine,5210
C042743,oxotremorine M,5211
D010096,Oxprenolol,5212
C553002,OXT-328,5213
C005419,oxybutynin,5214
D010097,Oxyclozanide,5215
D010098,Oxycodone,5216
C514822,oxycodone-acetaminophen,5217
D010099,Oxyfedrine,5218
D010100,Oxygen,5219
C037573,oxymatrine,5220
D010109,Oxymetazoline,5221
D010110,Oxymetholone,5222
D010111,Oxymorphone,5223
C084589,oxypertine,5224
D010113,Oxyphenbutazone,5225
D010115,Oxyphenonium,5226
C000624958,oxyphylla A,5227
D010117,Oxypurinol,5228
D010118,Oxytetracycline,5229
D010121,Oxytocin,5230
C503788,Oxytrex,5231
C034364,ozagrel,5232
D010126,Ozone,5233
C012275,"P(1),P(5)-di(adenosine-5'-)pentaphosphate",5234
C552520,P7C3 compound,5235
C102487,pachymic acid,5236
D017239,Paclitaxel,5237
C543145,paederosidic acid methyl ester,5238
C013638,paeonol,5239
C458513,pafuramidine,5240
C080910,palbinone,5241
C500026,palbociclib,5242
C107199,palinavir,5243
D000068882,Paliperidone Palmitate,5244
D010165,Palladium,5245
C495872,palmarumycin JC1,5246
C495871,palmarumycin JC2,5247
C005413,palmatine,5248
C005958,palmidrol,5249
D019308,Palmitic Acid,5250
D010169,Palmitic Acids,5251
D000073878,Palm Oil,5252
C533469,palomid 529,5253
D000077924,Palonosetron,5254
D000077268,Pamidronate,5255
C004368,pamoic acid,5256
C103849,panamesine,5257
C519374,Panax notoginseng extract,5258
C055778,panaxydol,5259
C044997,pancratistatin,5260
D010197,Pancuronium,5261
C482884,panduratin A,5262
D000077767,Panobinostat,5263
C016030,pantogab,5264
D000077402,Pantoprazole,5265
D010205,Pantothenic Acid,5266
D010208,Papaverine,5267
C055514,"papaverine, phentolamine drug combination",5268
D053918,Papillomavirus Vaccines,5269
C462999,PAR-1-activating peptide,5270
D010242,Paraldehyde,5271
D010248,Paramethasone,5272
D010261,Paraoxon,5273
D010276,Parasympatholytics,5274
D010278,Parathion,5275
D010281,Parathyroid Hormone,5276
C480679,pardoprunox,5277
C409945,parecoxib,5278
C017652,paregoric,5279
C013364,pargolol,5280
D010293,Pargyline,5281
C084656,paricalcitol,5282
C585405,paritaprevir,5283
D010303,Paromomycin,5284
D017374,Paroxetine,5285
C002669,parthenolide,5286
D052638,Particulate Matter,5287
C517782,pasireotide,5288
C052983,patchouli alcohol,5289
C516667,pazopanib,5290
C066024,PCA 4248,5291
C000720847,PCC-0105002,5292
C495469,p-coumaric acid,5293
C416023,PC protocol,5294
C042234,PCV protocol,5295
C497431,PD-0200347,5296
C054718,PD 117302,5297
C073402,PD 123319,5298
C077645,PD 136450,5299
C082887,PD 145065,5300
C457999,PD 148903,5301
C117269,PD 149163,5302
C100442,PD 150606,5303
C115711,PD 173074,5304
C475178,PD 198306,5305
D010368,Pectins,5306
C084241,pedunculoside,5307
C059259,PEEC protocol,5308
D015366,Pefloxacin,5309
C495058,pegaptanib,5310
C042705,pegaspargase,5311
C455861,pegfilgrastim,5312
C100416,peginterferon alfa-2a,5313
C417083,peginterferon alfa-2b,5314
C031545,Pegloticase,5315
C047331,peiminine,5316
C066957,pelargonidin,5317
C078485,pelargonidin-3-glucoside,5318
D000068437,Pemetrexed,5319
C055139,pemirolast,5320
D010389,Pemoline,5321
D010393,Pempidine,5322
D010394,Penbutolol,5323
C053539,penciclovir,5324
D010395,Penfluridol,5325
D010396,Penicillamine,5326
D010400,Penicillin G,5327
D010401,Penicillin G Benzathine,5328
D010402,Penicillin G Procaine,5329
D010406,Penicillins,5330
D010404,Penicillin V,5331
C064764,PENTA,5332
C074968,pentaacetyl geniposide,5333
D010416,Pentachlorophenol,5334
D010417,Pentaerythritol Tetranitrate,5335
C435084,pentagalloylglucose,5336
D010418,Pentagastrin,5337
C014147,pentamethonium,5338
D010419,Pentamidine,5339
C539419,pentanedioic acid imidazolyl ethanamide,5340
D010423,Pentazocine,5341
D004369,Pentetic Acid,5342
C492521,pentifin,5343
D010424,Pentobarbital,5344
D010425,Pentolinium Tartrate,5345
D010426,Pentosan Sulfuric Polyester,5346
D015649,Pentostatin,5347
D010431,Pentoxifylline,5348
C434604,pentyl-4-yn-valproic acid,5349
D010433,Pentylenetetrazole,5350
C480521,peonidin 3-glucoside,5351
C015423,peoniflorin,5352
C015424,peppermint oil,5353
D010440,Peptichemio,5354
D010455,Peptides,5355
D010456,"Peptides, Cyclic",5356
C551441,perampanel,5357
D010464,Perazine,5358
C078626,perflexane,5359
C023036,perfluorooctanoic acid,5360
C011272,perfosfamide,5361
D010479,Pergolide,5362
D010480,Perhexiline,5363
C023470,perhexiline maleate,5364
C084584,periciazine,5365
C105905,perifosine,5366
C058216,perilla seed oil,5367
C032208,perillyl alcohol,5368
D020913,Perindopril,5369
C053500,perindoprilat,5370
C004282,periodate-oxidized adenosine 5'-triphosphate,5371
D026023,Permethrin,5372
C065533,perospirone,5373
C069276,peroxovanadate,5374
C512862,peroxycarbonic acid,5375
D010546,Perphenazine,5376
C539977,perphenazine GABA ester,5377
C574057,perthamide C,5378
D037342,Pertussis Toxin,5379
D010567,Pertussis Vaccine,5380
C025080,Peruvian balsam,5381
C543033,PET regimen,5382
C118309,petrosaspongiolide m,5383
C473206,petunidin,5384
C542342,pexacerfont,5385
C000600259,pexidartinib,5386
C000603674,PF-06687252,5387
C573330,PF-543,5388
C062400,PFL protocol,5389
C000593032,PGW5 compound,5390
C104857,PH 163,5391
C542398,PH 797804,5392
C052329,phaclofen,5393
C526145,Phellinus linteus extract,5394
C104601,phellopterin,5395
C005396,phenacemide,5396
D010617,Phenanthridines,5397
C040601,phenanthridone,5398
C017928,phenazepam,5399
D010620,Phenazocine,5400
D010621,Phenazopyridine,5401
D010622,Phencyclidine,5402
C100294,phendimetrazine,5403
D010624,Phenelzine,5404
C100209,phenethicillin,5405
C029261,phenethylamine,5406
C058305,phenethyl isothiocyanate,5407
D010629,Phenformin,5408
C015429,phenidone,5409
D010630,Phenindione,5410
D010632,Pheniramine,5411
D010633,Phenmetrazine,5412
D010634,Phenobarbital,5413
D019800,Phenol,5414
D010638,Phenoperidine,5415
C031637,phenothiazine,5416
D010640,Phenothiazines,5417
C471183,phenoxodiol,5418
D010642,Phenoxyacetates,5419
D010643,Phenoxybenzamine,5420
D010644,Phenprocoumon,5421
C092280,phenserine,5422
D010645,Phentermine,5423
D010646,Phentolamine,5424
C025136,phenylacetic acid,5425
C113202,phenylalanyl corticotropin-releasing factor (12-41),5426
C049352,phenylalanyl-cyclo(cysteinyltyrosyl-tryptophyl-ornithyl-threonyl-penicillamine)threoninamide,5427
C040500,phenylalanylglycine,5428
C050815,phenylalanyl-prolyl-arginine chloromethyl ketone-thrombin,5429
C029322,phenylbenzoquinone,5430
C008846,phenyl biguanide,5431
D010653,Phenylbutazone,5432
D010654,Phenylbutyrates,5433
D010656,Phenylephrine,5434
D010657,Phenylethylmalonamide,5435
C030299,phenylhydrazine,5436
D010660,Phenylisopropyladenosine,5437
D010662,Phenylmercuric Acetate,5438
D010664,Phenylmethylsulfonyl Fluoride,5439
C029217,phenyl-N-tert-butylnitrone,5440
D010665,Phenylpropanolamine,5441
D010666,Phenylpropionates,5442
D010667,Phenylpyruvic Acids,5443
D010672,Phenytoin,5444
C075528,phillyrin,5445
D010693,Phloretin,5446
C000603415,phloretin isonicotinyl hydrazone,5447
D010695,Phlorhizin,5448
D010696,Phloroglucinol,5449
C405142,pholidotin,5450
D010710,Phosphates,5451
D010713,Phosphatidylcholines,5452
D010718,Phosphatidylserines,5453
C527365,phosphoaspirin,5454
D010725,Phosphocreatine,5455
D058988,Phosphodiesterase 4 Inhibitors,5456
D010726,Phosphodiesterase Inhibitors,5457
D064801,Phospholipase A2 Inhibitors,5458
C120158,phosphomannopentaose sulfate,5459
C008890,phosphoramidon,5460
C030242,phosphoric acid,5461
D054735,Phosphorothioate Oligonucleotides,5462
D016226,"Phosphorus, Dietary",5463
D017319,Photosensitizing Agents,5464
D010793,Phthalazines,5465
D010798,Phycocyanin,5466
D010799,Phycoerythrin,5467
C586240,physapubescin B,5468
D010830,Physostigmine,5469
C026718,physostigmine salicylate,5470
D010833,Phytic Acid,5471
D064209,Phytochemicals,5472
C062985,phytochlorin,5473
D048789,Phytoestrogens,5474
C003140,phytofluene,5475
D010836,Phytol,5476
D010840,Phytosterols,5477
C522973,PI103,5478
C000726939,PI-3065,5479
C438724,PIAF regimen,5480
D010844,Picibanil,5481
C087566,piclamilast,5482
C510463,Piclozotan,5483
C030614,picolinic acid,5484
C000625506,picrasidine I,5485
C415032,picropodophyllin,5486
C416837,picroside II,5487
D010852,Picrotoxin,5488
C539975,pien tze huang,5489
C121565,pifithrin,5490
D010862,Pilocarpine,5491
C042288,pilsicainide,5492
C004479,pimagedine,5493
C510793,pimavanserin,5494
C117268,pimecrolimus,5495
C041648,pimobendan,5496
C033815,pimonidazole,5497
D010868,Pimozide,5498
D020110,Pinacidil,5499
D010869,Pindolol,5500
C021730,pinitol,5501
C016063,pinocembrin,5502
C013200,pinoresinol diglucoside,5503
C411294,pinostrobin,5504
C049032,pinosylvin,5505
D000077205,Pioglitazone,5506
C005569,pipamperone,5507
C067601,piperacetazine,5508
D010878,Piperacillin,5509
D000077725,"Piperacillin, Tazobactam Drug Combination",5510
D000077489,Piperazine,5511
D010879,Piperazines,5512
D010880,Piperidines,5513
C008922,piperine,5514
C498077,piperlongumine,5515
D010882,Piperonyl Butoxide,5516
D010883,Piperoxan,5517
D010885,Pipobroman,5518
C000121,pipoxolan,5519
D010889,Piracetam,5520
C027260,pirarubicin,5521
C009118,pirbuterol,5522
C034177,pirenperone,5523
D010890,Pirenzepine,5524
C015451,piretanide,5525
C093844,pirfenidone,5526
D010891,Piribedil,5527
D010892,Pirinitramide,5528
C006253,pirinixic acid,5529
C009830,pirlindole,5530
C024318,pirmenol,5531
C052599,piroctone olamine,5532
C046659,piroxantrone,5533
D010894,Piroxicam,5534
C039686,piroximone,5535
C008924,pirprofen,5536
C581170,pistagremic acid,5537
C108475,pitavastatin,5538
C516975,pitolisant,5539
D010918,Pizotyline,5540
C037850,PK 11195,5541
C538949,PKF115-584,5542
C548732,PKF118-310,5543
C410026,PKI 166,5544
C421173,plantamajoside,5545
C442842,"plant extract, Puerariae Radix",5546
D010936,Plant Extracts,5547
D010938,Plant Oils,5548
D028321,Plant Preparations,5549
D010952,Plasma Substitutes,5550
C013649,plastochromanol 8,5551
D010971,Plastoquinone,5552
D010975,Platelet Aggregation Inhibitors,5553
D010984,Platinum,5554
D017671,Platinum Compounds,5555
C548432,platycodigenin 3-O-(glucopyranosyl-(1-3)-glucopyranosyl)-28-O-(apiofuranosyl-(1-3)-xylopyranosyl-(1-4)-rhamnopyranosyl-(1-2)-arabinopyranoside),5556
C108953,platycodin D,5557
C431483,platycodin D3,5558
C576414,platyconic acid,5559
C047686,plaunotol,5560
C115201,pleconaril,5561
C088327,plerixafor,5562
D008926,Plicamycin,5563
C098980,plitidepsin,5564
C014758,plumbagin,5565
D003189,p-Methoxy-N-methylphenethylamine,5566
C498513,PNU-282987,5567
C094150,podocarpusflavone A,5568
D011034,Podophyllotoxin,5569
C061957,polaprezinc,5570
D000077423,Polidocanol,5571
C031233,polihexanide,5572
C477961,poliothrysoside,5573
D020442,Poloxamer,5574
D011073,Polyamines,5575
C017645,polyaspartate,5576
C058229,polydatin,5577
D011089,Polydeoxyribonucleotides,5578
D011090,Polyenes,5579
C008958,polyestradiol phosphate,5580
C000595212,polyethylene glycol 3350,5581
C009314,polyethylene glycol monostearate,5582
C103117,polyethylene glycol-recombinant human megakaryocyte growth and development factor,5583
D011092,Polyethylene Glycols,5584
C063471,polyethylene glycol-superoxide dismutase,5585
D011068,Poly G,5586
C067722,polygalacic acid,5587
D011097,Polygeline,5588
C034380,polygodial,5589
D011070,Poly I-C,5590
D000077182,Polylactic Acid-Polyglycolic Acid Copolymer,5591
D011107,Polylysine,5592
D011112,Polymyxin B,5593
C077064,polyoxyethylene-superoxide dismutase,5594
D059808,Polyphenols,5595
C472086,polyphenon E,5596
C010770,polysaccharide-K,5597
D011134,Polysaccharides,5598
D011135,"Polysaccharides, Bacterial",5599
C493322,Poly(sebacic acid-co-ricinoleic acid),5600
D011139,Polythiazide,5601
D011142,Polyvinyl Alcohol,5602
C467566,pomalidomide,5603
C045495,POMP protocol,5604
C042829,ponalrestat,5605
C545373,ponatinib,5606
C119641,poncirin,5607
C009000,pontamine sky blue,5608
D011166,Porphyrins,5609
C101425,posaconazole,5610
C055448,posatirelin,5611
D011188,Potassium,5612
C066638,potassium ascorbyl tocopheryl phosphate,5613
C039004,potassium bromide,5614
D011189,Potassium Chloride,5615
D019357,Potassium Citrate,5616
D011192,Potassium Dichromate,5617
D017419,"Potassium, Dietary",5618
D011193,Potassium Iodide,5619
C066902,potassium-magnesium citrate,5620
C489337,potassium oxonate,5621
C009006,potassium perchlorate,5622
C108326,pozanicline,5623
C572919,PP242,5624
C418366,PP regimen,5625
D045542,PQQ Cofactor,5626
D011217,Practolol,5627
C441070,praeruptorin A,5628
C058808,praeruptorin C,5629
D011219,Prajmaline,5630
C028797,pralidoxime,5631
D011220,Pralidoxime Compounds,5632
C432807,pramanicin,5633
D000077487,Pramipexole,5634
C047681,pranlukast,5635
C002616,pranolium,5636
D000068799,Prasugrel Hydrochloride,5637
D017035,Pravastatin,5638
D011222,Prazepam,5639
D011223,Praziquantel,5640
D011224,Prazosin,5641
C026539,preclamol,5642
C035287,prednicarbate,5643
D011238,Prednimustine,5644
D011239,Prednisolone,5645
C009935,prednisolone acetate,5646
C021322,prednisolone hemisuccinate,5647
C009022,prednisolone phosphate,5648
D011241,Prednisone,5649
D000069583,Pregabalin,5650
C023617,"pregna-4,17-diene-3,16-dione",5651
D011280,Pregnanolone,5652
D011284,Pregnenolone,5653
D011285,Pregnenolone Carbonitrile,5654
C018370,pregnenolone sulfate,5655
D011299,Prenylamine,5656
C053347,prenylamine lactate,5657
D011318,Prilocaine,5658
D011319,Primaquine,5659
D011324,Primidone,5660
C498945,prim-O-glucosylcimifugin,5661
D025762,Pristinamycin,5662
C024293,prizidilol,5663
D011335,Proadifen,5664
C013221,proanthocyanidin,5665
D044945,Proanthocyanidins,5666
D011339,Probenecid,5667
D011341,Probucol,5668
D011342,Procainamide,5669
D011343,Procaine,5670
D011344,Procarbazine,5671
D017265,Procaterol,5672
D011346,Prochlorperazine,5673
C479579,procyanidin B1,5674
C479580,procyanidin B2,5675
D011352,Procyclidine,5676
C065249,pro-diazepam,5677
D011353,Prodigiosin,5678
D011354,Prodigiozan,5679
C084820,profenamine,5680
C017985,progabide,5681
D011374,Progesterone,5682
D045167,Progesterone Congeners,5683
D011372,Progestins,5684
D002727,Proguanil,5685
C017677,proligestone,5686
C066229,prolinedithiocarbamate,5687
C551701,prolyl-glycyl-prolyl-leucine,5688
C052846,PROMACE-CytaBOM protocol,5689
D011395,Promazine,5690
C097962,ProMECE-CytaBOM protocol,5691
C487928,Promensil,5692
D011398,Promethazine,5693
C084832,pronethalol,5694
C063776,propacetamol,5695
D011405,Propafenone,5696
C066750,propagermanium,5697
D011412,Propanolamines,5698
C009055,propargylglycine,5699
C032114,propentofylline,5700
C045950,propiconazole,5701
C087283,propinox,5702
C003223,propionylcarnitine,5703
C045930,propisomide,5704
C015586,propiverine,5705
D015742,Propofol,5706
D011429,Propolis,5707
D011433,Propranolol,5708
D019946,Propylene Glycol,5709
D011435,Propyl Gallate,5710
C006068,propylparaben,5711
D011441,Propylthiouracil,5712
C009143,proroxan,5713
C101246,prosaptide,5714
D011447,Prospidium,5715
C573121,ProstaCaid,5716
C100573,prostaglandin A1,5717
D015230,Prostaglandin D2,5718
D011453,Prostaglandins,5719
D011458,Prostaglandins E,5720
D011461,"Prostaglandins F, Synthetic",5721
D011465,"Prostaglandins, Synthetic",5722
C494124,"protein-bound polysaccharide K, Basidiomycetes",5723
D047428,Protein Kinase Inhibitors,5724
C025667,prothrombin complex concentrates,5725
C005581,protocatechualdehyde,5726
C009091,protocatechuic acid,5727
C531013,protocatechuic acid methyl ester,5728
C095781,protolichesterinic acid,5729
D054328,Proton Pump Inhibitors,5730
C062916,protopanaxadiol,5731
C081552,protopanaxatriol,5732
C028025,protoporphyrin IX,5733
C090723,protosappanin A,5734
D011526,Protoveratrines,5735
D011530,Protriptyline,5736
C005717,proxymetacaine,5737
C003237,proxyphylline,5738
C406662,prucalopride,5739
C074191,prulifloxacin,5740
C083295,prunetin,5741
C456319,PS1145,5742
D054199,Pseudoephedrine,5743
C413985,pseudoginsenoside F11,5744
C058391,pseudolaric acid B,5745
C051766,psychotridine,5746
D011620,Psyllium,5747
C477478,PT-100 dipeptide,5748
D011621,Pteridines,5749
C107773,pterostilbene,5750
C034912,puag-haad,5751
C033607,puerarin,5752
C000588664,Pulsatilla saponin A,5753
C063729,pumilacidin,5754
C526689,punarnavine,5755
C115642,punicalagin,5756
C519714,punicic acid,5757
D058915,Purinergic P1 Receptor Antagonists,5758
C470893,purmorphamine,5759
C511975,purpurin anthraquinone,5760
C479122,putranjivain A,5761
C034483,PVB protocol,5762
C547322,((Py-3')TPP-Ru(phen)2Cl)Cl,5763
C572726,pycnidione,5764
C024070,pycnogenols,5765
C562348,pyeongwee-san extract,5766
D011713,Pyran Copolymer,5767
C043940,pyranoprofen,5768
D011715,Pyrantel,5769
D011716,Pyrantel Pamoate,5770
D011717,Pyrantel Tartrate,5771
D011718,Pyrazinamide,5772
D011719,Pyrazines,5773
C100279,pyrazinobutazone,5774
C002997,pyrazofurin,5775
C432165,pyrazolanthrone,5776
C031280,pyrazole,5777
D011720,Pyrazoles,5778
D011722,Pyrethrins,5779
C023666,pyridine,5780
D011725,Pyridines,5781
D011726,Pyridinium Compounds,5782
D011729,Pyridostigmine Bromide,5783
D011730,Pyridoxal,5784
D011732,Pyridoxal Phosphate,5785
C077792,"pyridoxal phosphate-6-azophenyl-2',4'-disulfonic acid",5786
C059414,pyridoxal phosphate gamma-aminobutyric acid,5787
D011733,Pyridoxamine,5788
D011736,Pyridoxine,5789
D011738,Pyrilamine,5790
D011739,Pyrimethamine,5791
C009131,pyrimidin-2-one beta-ribofuranoside,5792
D011741,Pyrimidine Nucleosides,5793
D011743,Pyrimidines,5794
D011744,Pyrimidinones,5795
C055613,pyriproxyfen,5796
C010423,pyrithione zinc,5797
D011746,Pyrithioxin,5798
C021597,pyro(l-alpha-aminoadipyl)-L-histidyl-L-thiazolidine-4-carboxamide,5799
D011758,Pyrroles,5800
C020972,pyrrolidine dithiocarbamic acid,5801
D011759,Pyrrolidines,5802
D011761,Pyrrolidonecarboxylic Acid,5803
D019289,Pyruvic Acid,5804
C047115,pyruvic acid semicarbazone,5805
C047116,pyruvic acid thiosemicarbazone,5806
C024631,pyrvinium,5807
C530394,qiangxin,5808
C526714,qidan,5809
C000728228,Qilong,5810
C530990,Qingdai compound,5811
C528245,qingdu,5812
C570774,qinghuang,5813
C504928,Qingkailing,5814
C000594493,qingre zaoshi liangxue fang,5815
C587274,Qing Ye Dan,5816
C528580,qishen yiqi,5817
C035969,quadazocine,5818
C025130,quazepam,5819
C079163,quercetagetin,5820
D011794,Quercetin,5821
C110309,quercetin 3-O-glucopyranoside,5822
C443401,quercetin 3-O-glucuronide,5823
C012526,quercitrin,5824
D000069348,Quetiapine Fumarate,5825
C035739,Quin2,5826
C037907,quinacainol,5827
D011796,Quinacrine,5828
C046650,quinagolide,5829
D000077583,Quinapril,5830
C054501,quinaprilat,5831
D011799,Quinazolines,5832
D052999,Quinazolinones,5833
C047726,quinelorane,5834
C017700,quinetolate,5835
D011801,Quinic Acid,5836
D011802,Quinidine,5837
C009764,quinidine bisulfate,5838
C034410,"quinidine, verapamil drug combination",5839
D011803,Quinine,5840
C502851,quinocetone,5841
D011804,Quinolines,5842
D017378,Quinolinic Acid,5843
D011806,Quinolinium Compounds,5844
C004532,quinone,5845
D011810,Quinoxalines,5846
D019257,Quinpirole,5847
C028338,quinupramine,5848
C062940,quinupristin-dalfopristin,5849
D011814,Quipazine,5850
C477202,quizalofop,5851
C544967,quizartinib,5852
C012639,R 111,5853
C546413,"R-1,1,1-trifluoro-4-(5-fluoro-2,3-dihydrobenzofuran-7-yl)-4-methyl-2-(((2-methyl-5-quinolyl)amino)methyl)pentan-2-ol",5854
C406527,R 115866,5855
C400708,R116301,5856
C412383,R 121919,5857
C054551,R 56865,5858
C582845,R-7050,5859
C012637,R 97,5860
D064750,Rabeprazole,5861
C049331,racecadotril,5862
C075889,Racivir,5863
D020891,Raclopride,5864
D011838,Radiation-Sensitizing Agents,5865
C581106,radium Ra 223 dichloride,5866
C400294,radolmidine,5867
D011888,Rafoxanide,5868
C432703,ragaglitazar,5869
C054894,Ralitoline,5870
D020849,Raloxifene Hydrochloride,5871
D000068898,Raltegravir Potassium,5872
C068874,raltitrexed,5873
C570208,Ramalin,5874
C063119,ramatroban,5875
C495910,ramelteon,5876
D017257,Ramipril,5877
C052549,ramiprilat,5878
C071315,ramosetron,5879
D011899,Ranitidine,5880
C073340,ranitidine bismuth citrate,5881
D000069458,Ranolazine,5882
C031967,rasagiline,5883
C035522,raspberry ketone,5884
C005709,raubasine,5885
C500057,razaxaban,5886
D011929,Razoxane,5887
C074024,RB 101,5888
C571759,R-CHOP protocol,5889
C540715,RD162 compound,5890
D017382,Reactive Oxygen Species,5891
C052785,rebamipide,5892
C025474,rebaudioside A,5893
D000077593,Reboxetine,5894
C075655,Recombivax HB,5895
C117343,red yeast rice,5896
C000591895,reevesioside A,5897
C585486,reevesioside F,5898
C559147,regorafenib,5899
C067553,remacemide,5900
C000606551,remdesivir,5901
D000077208,Remifentanil,5902
C065581,remikiren,5903
D017330,Remoxipride,5904
C450800,ReN 1869,5905
C099689,Rennie,5906
C072867,ren-shen-yang-rong-tang,5907
C033437,rentiapril,5908
C072379,repaglinide,5909
C111221,repinotan hydrochloride,5910
D012110,Reserpine,5911
C024353,resiniferatoxin,5912
C518399,resolvin D1,5913
C545423,resolvin D2,5914
C000627899,resorcinolnaphthalein,5915
D000077185,Resveratrol,5916
C087896,reteplase,5917
C540615,retigeric acid B,5918
D012172,Retinaldehyde,5919
D012176,Retinoids,5920
C009166,retinol acetate,5921
C014794,retinol palmitate,5922
C009167,retinylamine,5923
C539676,"rEV576 protein, tick",5924
C583570,revefenacin,5925
D018894,Reverse Transcriptase Inhibitors,5926
C094240,reviparin,5927
C105328,RG 13965,5928
C000603861,RGFP966,5929
C023538,rhapontin,5930
C020491,rhein,5931
C101598,rhenium-186 HEDP,5932
C009172,rhodioloside,5933
C089378,rhoifolin,5934
C052714,rhyncophylline,5935
D012254,Ribavirin,5936
D012256,Riboflavin,5937
C034206,Ribomunyl,5938
C009674,"ribosome inactivating protein, Viscum",5939
C547185,riccardin D,5940
D000073879,Rice Bran Oil,5941
C572255,ricolinostat,5942
D017828,Rifabutin,5943
D012293,Rifampin,5944
C023808,rifamycin SV,5945
D000078262,Rifaximin,5946
D000077769,Rilmenidine,5947
D019782,Riluzole,5948
D012299,Rimantadine,5949
C034931,rimcazole,5950
D000077285,Rimonabant,5951
D000068296,Risedronic Acid,5952
D018967,Risperidone,5953
D016713,Ritanserin,5954
D012312,Ritodrine,5955
D019438,Ritonavir,5956
D000069552,Rivaroxaban,5957
D000068836,Rivastigmine,5958
C093622,rizatriptan,5959
C089876,RMP 7,5960
C544743,RN 1734,5961
C523946,"(R)-N-cycloheptyl-6-((((tetrahydro-2-furyl)methyl)amino)methyl)thieno(2,3-d)pyrimidin-4-ylamine",5962
C038717,Ro 07-1902,5963
C042957,Ro 15-4513,5964
C076809,Ro 19-8022,5965
C064183,Ro 23-7553,5966
C086492,Ro 24-5531,5967
C062764,Ro 31-6930,5968
C071721,Ro 41-0960,5969
C084904,Ro 41-5253,5970
C507242,Ro4368554,5971
C114163,Ro 4-6790,5972
C583451,RO5166017,5973
C103848,Ro 60-0175,5974
C110196,Ro 61-8048,5975
C403132,Ro 64-0802,5976
C108607,robalzotan,5977
C005183,robinin,5978
C116328,robustaflavone,5979
C021082,rociverine,5980
D000077123,Rocuronium,5981
C116926,rofecoxib,5982
C424423,Roflumilast,5983
D020889,Rolipram,5984
D012382,Rolitetracycline,5985
C073525,rolofylline,5986
C087123,romidepsin,5987
C488777,romiplostim,5988
C046649,ropinirole,5989
D000077212,Ropivacaine,5990
C006249,ropizine,5991
C045282,roquinimex,5992
C051431,rosamultin,5993
D000077546,Roscovitine,5994
D012395,Rose Bengal,5995
C053519,Rosen's T-10 protocol,5996
D000077154,Rosiglitazone,5997
C471074,rosiglitazone-metformin combination,5998
D000097123,Rosmarinic Acid,5999
C547390,rossicaside B,6000
C106263,rostafuroxin,6001
D000068718,Rosuvastatin Calcium,6002
D012402,Rotenone,6003
C047508,rotigotine,6004
C085746,rottlerin,6005
C053742,roxatidine acetate,6006
C059613,roxindole,6007
D015575,Roxithromycin,6008
C098221,RP 60180,6009
C572498,RS194B,6010
C107826,RS 67333,6011
C570842,RSVA314,6012
C570843,RSVA405,6013
C114870,RTI-113,6014
C101044,RTKI cpd,6015
C000589030,RU24782,6016
C000589029,RU24858,6017
C000626046,RU.521,6018
C046245,rubimaillin,6019
C079905,rubitecan,6020
C099154,ruboxistaurin,6021
C531549,rucaparib,6022
C079703,rufinamide,6023
C118874,rupintrivir,6024
D012428,Ruthenium,6025
D017975,Ruthenium Compounds,6026
D012430,Ruthenium Red,6027
C000589878,ruthmycin,6028
D012431,Rutin,6029
C540383,ruxolitinib,6030
C033110,RV 538,6031
C539273,RWJ 800088,6032
D012433,Ryanodine,6033
C092429,S 14080,6034
C056566,S 145,6035
C103198,S 18523,6036
C079198,S 1 (combination),6037
C099445,S 28463,6038
C045285,S-(2-chloroethyl)cysteine,6039
C518914,S-2-O-carbamoyl-1-o-chlorophenyl-ethanol,6040
C059447,S 312,6041
C408389,S 33084,6042
C095804,"(+)-(S)-5,5-dimethylmorpholinyl-2-acetic acid",6043
C077022,S 9788,6044
C042254,S 9871,6045
C069788,SA 3443,6046
C101789,SA 4503,6047
C057941,SAAVE,6048
C109640,sabcomeline,6049
C055163,sabeluzole,6050
C549068,sacubitril and valsartan sodium hydrate drug combination,6051
C016845,SAD-128,6052
D012436,S-Adenosylmethionine,6053
D012450,Safflower Oil,6054
C092797,safinamide,6055
C095444,saiko-ka-ryukotsu-borei-to,6056
C025759,saikosaponin D,6057
C080903,sairei-to,6058
C577623,salecan,6059
C413684,salicylaldehyde isonicotinoyl hydrazone,6060
D012459,Salicylates,6061
D020156,Salicylic Acid,6062
C014182,salicylsalicylic acid,6063
C010327,salinomycin,6064
C065299,S-allylcysteine,6065
C000598333,S-allylmercapto-N-acetylcysteine,6066
D000068299,Salmeterol Xinafoate,6067
C028815,salmon calcitonin,6068
C496827,salubrinal,6069
C568740,salvianolic acid,6070
C066201,salvianolic acid A,6071
C076944,salvianolic acid B,6072
C018381,salvin,6073
C090499,salvinorin A,6074
C111998,sampatrilat,6075
C541923,sandostatinLAR,6076
C477157,sanggenone C,6077
C436447,sangre de grado,6078
C005705,sanguinarine,6079
C501029,San-Huang-Xie-Xin-Tang,6080
C062798,sannoshashinto,6081
C468919,SANT-1 compound,6082
D012503,Saponins,6083
C000601074,sappanone A,6084
C089586,saprisartan potassium,6085
C003402,sapropterin,6086
D019258,Saquinavir,6087
C547874,SAR 020106,6088
C576806,SAR131675,6089
D012504,Saralasin,6090
C014804,sarcophine,6091
C081222,sargramostim,6092
C019552,Saridon,6093
C443959,sarizotan,6094
C000588741,saroglitazar,6095
C000623191,sarolaner,6096
C064294,sarpogrelate,6097
C034473,satranidazole,6098
C081294,satraplatin,6099
C410958,sauchinone,6100
C040972,saw palmetto extract,6101
C502994,saxagliptin,6102
C514816,sazetidine-A,6103
C093642,SB 203580,6104
C108120,SB 205384,6105
C094868,SB 206553,6106
C118948,SB 215505,6107
C417521,SB 216763,6108
C112019,SB 225002,6109
C118947,SB 228357,6110
C406525,SB 239063,6111
C406343,SB 243213,6112
C404922,SB 269970,6113
C117443,SB 271046,6114
C409982,SB 277011,6115
C431907,SB 290157,6116
C000723833,SB-332235,6117
C503990,SB 399885,6118
C429533,SB 3CT compound,6119
C553589,SB 657510,6120
C572332,SC-203048,6121
C051827,SC 36602,6122
C059950,SC 41930,6123
C115461,SC 560,6124
C071197,scalaradial,6125
C115124,Sch 00013,6126
C107087,SCH 14988,6127
C534628,SCH 23390,6128
C416650,SCH 442416,6129
C520474,schisandrol A,6130
C034557,schizandrer A,6131
C034734,schizandrin A,6132
C015499,schizandrin B,6133
C031409,schizandrin C,6134
C033585,schizandrol B,6135
C499748,SCIO-469,6136
C070760,sclareol,6137
C060464,sclareol glycol,6138
C458139,scolymoside,6139
C018145,scoparone,6140
D012601,Scopolamine,6141
D012603,Scopoletin,6142
D012604,Scorpion Venoms,6143
C513571,SCR007,6144
C458179,scutellarein,6145
C499814,Scutellaria baicalensis extract,6146
C484876,scutellarin,6147
C074469,scymnol,6148
C065286,SDZ EAA 494,6149
C430918,SEA 0400,6150
D012631,Secobarbital,6151
C060283,secoisolariciresinol,6152
D046948,Secologanin Tryptamine Alkaloids,6153
C548487,secomilbemycin D,6154
C508970,secramine A,6155
C046301,seganserin,6156
C414354,selamectin,6157
D020845,Selective Estrogen Receptor Modulators,6158
D017367,Selective Serotonin Reuptake Inhibitors,6159
D012642,Selegiline,6160
D064586,Selenic Acid,6161
D012643,Selenium,6162
D018036,Selenium Compounds,6163
C009226,selenocystine,6164
D012645,Selenomethionine,6165
C002979,selenomethylselenocysteine,6166
C518915,Seletracetam,6167
C053672,selfotel,6168
C105370,selol,6169
C062818,sematilide,6170
C116890,Semaxinib,6171
D012673,Semustine,6172
D012676,Senna Extract,6173
C078903,seocalcitol,6174
C523798,sepantronium,6175
C508896,sequinavir,6176
C060230,seratrodast,6177
D012694,Serine,6178
C452642,serofendic acid,6179
D012701,Serotonin,6180
D058825,Serotonin 5-HT1 Receptor Agonists,6181
D058831,Serotonin 5-HT3 Receptor Antagonists,6182
D058832,Serotonin 5-HT4 Receptor Antagonists,6183
D018490,Serotonin Agents,6184
D017366,Serotonin Receptor Agonists,6185
C009244,serpentine (alkaloid),6186
C477270,Ser-Phe-Asn-Ser-Tyr-Glu-Leu-Gly-Glu-Ser-Leu,6187
C061131,sertaconazole,6188
C066304,sertindole,6189
D020280,Sertraline,6190
C112356,seryl-leucyl-isoleucyl-glycyl--arginyl-leucinamide,6191
C099570,seryl-leucyl-isoleucyl-glycyl-arginyl-leucine,6192
D012715,Sesame Oil,6193
C054125,sesamin,6194
C025583,sesamol,6195
D012717,Sesquiterpenes,6196
C576694,setanaxib,6197
C042431,S-ethyl glutathione,6198
C050605,setiptiline,6199
C000592794,setrobuvir,6200
D000077149,Sevoflurane,6201
C503964,SEW2871,6202
C057921,sezolamide,6203
C551534,SGA 360,6204
C516024,SH-6 compound,6205
C038462,shakuyaku-kanzoh-toh,6206
C492793,Shen-Fu,6207
C484999,shenqui-wan,6208
C526712,shexiang baoxin,6209
C503350,Shi-Bi-Lin herbal formula,6210
C510945,shigyaku-san,6211
D012765,Shikimic Acid,6212
C016101,shikonin,6213
C040115,shogaol,6214
C461320,shosaiko-to,6215
C061187,sho-saiko-to-kyo-shokyo-ka-oren-bukuryo,6216
C090832,sho-seiryu-to,6217
C477182,shourong compound formula,6218
C400087,S Ht31,6219
C000722512,Shuangshen,6220
C421267,SI 27,6221
D012794,Sialic Acids,6222
C120147,SIB 1757,6223
C120148,SIB 1893,6224
C058254,sibutramine,6225
D000068677,Sildenafil Citrate,6226
D012824,Silicic Acid,6227
C015505,silidianin,6228
C095285,silodosin,6229
D012834,Silver,6230
D012837,Silver Sulfadiazine,6231
D000077385,Silybin,6232
D012838,Silymarin,6233
D000077464,Simendan,6234
D000069616,Simeprevir,6235
D012841,Simethicone,6236
C000590843,simiaowan,6237
D019821,Simvastatin,6238
C073734,sinapinic acid,6239
D012844,Sincalide,6240
C497687,sinesetin,6241
C009271,sinomenine,6242
C069537,sinpeinine A,6243
C578989,siponimod,6244
D020123,Sirolimus,6245
C439060,sirtinol,6246
D000068900,Sitagliptin Phosphate,6247
C106276,sitaxsentan,6248
C069195,sivelestat,6249
C045597,SK&F 100330-A,6250
C012134,SK&F 10047,6251
C071275,SK&F 106760,6252
C067114,SK&F 77434,6253
C067113,SK&F 81297,6254
C071262,SK&F 82958,6255
C099531,SKF 92374,6256
C093303,SK&F 98625,6257
C424127,SL 327,6258
C074936,SL 84.0418,6259
C533467,SM 164,6260
C107044,SM 21,6261
C534359,SMe1EC2,6262
C027744,S-methylisothiopseudouronium,6263
C086717,S-methylthiocitrulline,6264
D012906,Smoke,6265
C419742,SMP-300,6266
C118258,SN50 peptide,6267
C021315,S-nitrosocysteine,6268
D026423,S-Nitroso-N-Acetylpenicillamine,6269
C534922,SNX 2112,6270
C115521,SNX 482,6271
C561943,SNX-5422,6272
C090557,So 1100,6273
D012964,Sodium,6274
C532601,"sodium-4,5-dihydroxy-1,3-benzene disulfonate",6275
D019346,Sodium Acetate,6276
C017947,sodium arsenite,6277
D020160,Sodium Benzoate,6278
D017693,Sodium Bicarbonate,6279
C025451,sodium bisulfide,6280
C009279,sodium bisulfite,6281
C503854,sodium boranocarbonate,6282
C025364,sodium borohydride,6283
C005686,sodium carbonate,6284
D026941,Sodium Channel Blockers,6285
D012965,Sodium Chloride,6286
D017673,"Sodium Chloride, Dietary",6287
D049993,Sodium Chloride Symporter Inhibitors,6288
D000077559,Sodium Citrate,6289
C009281,sodium cyanate,6290
D012966,Sodium Cyanide,6291
D012982,"Sodium, Dietary",6292
D012969,Sodium Fluoride,6293
D012970,Sodium Glutamate,6294
D012974,Sodium Iodide,6295
D019354,Sodium Lactate,6296
C031618,sodium nitrate,6297
D012977,Sodium Nitrite,6298
D012978,Sodium Oxybate,6299
C014189,sodium peroxyborate,6300
D049994,Sodium Potassium Chloride Symporter Inhibitors,6301
C514135,sodium propionate,6302
D012980,Sodium Salicylate,6303
D018038,Sodium Selenite,6304
D012981,Sodium Tetradecyl Sulfate,6305
C017717,sodium thiosulfate,6306
C025399,sodium tungstate(VI),6307
D000069474,Sofosbuvir,6308
C017719,solanesol,6309
C012037,solasodine,6310
C406719,solidagenone,6311
D000069464,Solifenacin Succinate,6312
C547755,solithromycin,6313
D012999,Soman,6314
C045616,"somatotropin releasing hormone (1-29)-amide, N-Ac-Tyr(1)-Phe(2)-",6315
C035933,sophocarpine,6316
C120642,sophoricoside,6317
D000077157,Sorafenib,6318
C026411,sorbinil,6319
D013012,Sorbitol,6320
D013015,Sotalol,6321
C000706028,sotorasib,6322
C543528,sotrastaurin,6323
C551307,soyasaponin Ab,6324
C056684,soyasaponin I,6325
D013024,Soybean Oil,6326
C545823,"soybean oil, phospholipid emulsion",6327
C000594309,SP2509,6328
C042867,spantide,6329
C065446,spantide II,6330
C061363,sparfloxacin,6331
C013195,sparfosic acid,6332
C000634424,sparsentan,6333
D013034,Sparteine,6334
C000591235,spautin-1,6335
C119326,SPD 502,6336
C480880,spectaline,6337
D000198,Spectinomycin,6338
D013095,Spermidine,6339
D013096,Spermine,6340
C031312,spinasterol,6341
C415329,spinosad,6342
D013134,Spiperone,6343
C051272,spiradoline,6344
C052555,spirapril,6345
C511224,"spiro(imidazo-(1,2-a)pyridine-3,2-indan)-2(3H)-one",6346
D013148,Spironolactone,6347
C000602674,SPL-334,6348
C045749,SQ 29548,6349
D013185,Squalene,6350
C084439,squamosamide,6351
C558809,SR1001,6352
C106195,SR 11302,6353
C085215,SR 140333,6354
C091554,SR 142801,6355
C080460,SR 27897,6356
C079087,SR 48692,6357
C073839,SR 48968,6358
C051273,SR 95191,6359
C525422,SRT1720,6360
C525423,SRT2183,6361
C530804,"S,S'-1,4-phenylenebis(1,2-ethanediyl)bisisoselenourea",6362
C118852,"S,S'-1,4-phenylene-bis(1,2-ethanediyl)bis-isothiourea",6363
C456740,SSR180575,6364
C516833,SSR180711,6365
C525002,ST2825,6366
C065762,ST 679,6367
C533237,STA 9090,6368
C481098,Stalevo,6369
C411764,STAMP-I protocol,6370
C442100,Stanford-NCOG protocol,6371
C093371,Stanford V protocol,6372
C023599,stannous chloride,6373
D013197,Stanozolol,6374
D013205,Staphylococcal Protein A,6375
D013213,Starch,6376
C517409,stattic,6377
D019311,Staurosporine,6378
D018119,Stavudine,6379
D013229,Stearic Acids,6380
C026564,stearoyl alpha-lysolecithin,6381
C010513,stepholidine,6382
D013256,Steroids,6383
D013260,"Steroids, Heterocyclic",6384
C012042,steviol,6385
C012043,stevioside,6386
C556690,STF 083010,6387
C021092,stiripentol,6388
C458525,STO 609,6389
D013307,Streptomycin,6390
D013308,Streptonigrin,6391
D013311,Streptozocin,6392
C081587,strontium ranelate,6393
D013331,Strychnine,6394
C515227,STX 213,6395
C474557,SU 11657,6396
C416849,SU 5614,6397
C045965,suanzaorentang,6398
C036877,substance P (1-7),6399
C468274,substance P-saporin,6400
C062618,"substance P, Sar(9)-Met(O2)(11)-",6401
D004113,Succimer,6402
D013386,Succinates,6403
D019802,Succinic Acid,6404
D013390,Succinylcholine,6405
D013392,Sucralfate,6406
D013395,Sucrose,6407
C033006,sudan III,6408
D017409,Sufentanil,6409
D000077122,Sugammadex,6410
D013407,Sulbactam,6411
D013411,Sulfadiazine,6412
D013413,Sulfadoxine,6413
D013420,Sulfamethoxazole,6414
D013424,Sulfanilamides,6415
D013427,Sulfapyridine,6416
D012460,Sulfasalazine,6417
D000077589,Sulfathiazole,6418
D013438,Sulfhydryl Compounds,6419
D013440,Sulfides,6420
C030225,sulfinalol,6421
C063871,sulfinosine,6422
D013442,Sulfinpyrazone,6423
D013444,Sulfisoxazole,6424
D013449,Sulfonamides,6425
D013450,Sulfones,6426
D013453,Sulfonylurea Compounds,6427
C016766,sulforaphane,6428
D013455,Sulfur,6429
D013458,Sulfur Dioxide,6430
C009354,sulglicotide,6431
D013467,Sulindac,6432
C025462,sulindac sulfide,6433
C025463,sulindac sulfone,6434
C029758,sulmazole,6435
C057923,sulperazone,6436
D013469,Sulpiride,6437
C016767,sulprostone,6438
C035444,sultamicillin,6439
C084593,sulthiame,6440
C576645,sumailing koufuye,6441
D018170,Sumatriptan,6442
D000074242,Sunflower Oil,6443
D000077210,Sunitinib,6444
D013473,Sunscreening Agents,6445
C027948,supidimide,6446
C073028,suplatast tosilate,6447
D013498,Suramin,6448
C013270,swertiamarin,6449
C546524,swietenine,6450
D013565,Sympatholytics,6451
D013566,Sympathomimetics,6452
C519547,Syn 1020,6453
D013578,Synephrine,6454
C038346,syntometrine,6455
C001945,syringic acid,6456
C028305,syringin,6457
C000604281,SZU-101,6458
C423915,T0901317,6459
C077313,T 614,6460
C112300,TA 606,6461
C009373,tabersonine,6462
C561917,"tablysin-15, Tabanus yao",6463
C112689,TAC 101,6464
C116197,TAC protocol,6465
D013619,Tacrine,6466
D016559,Tacrolimus,6467
D000068581,Tadalafil,6468
C055852,tafenoquine,6469
C006161,taglutimide,6470
C088196,TAK 044,6471
C557331,TAK-875,6472
C514044,talabostat,6473
C085266,talampanel,6474
D013626,Talampicillin,6475
C024763,talipexole,6476
C061133,tamibarotene,6477
D013629,Tamoxifen,6478
D000077409,Tamsulosin,6479
C055267,tandospirone,6480
C112765,tanespimycin,6481
C059006,tangeretin,6482
C521767,Tanjin extract,6483
C000726650,tannic acid,6484
C021751,tanshinone,6485
C024894,tanshinone II A sodium sulfonate,6486
C519463,Taohong Siwu decoction II,6487
D000077432,Tapentadol,6488
C571829,tapinarof,6489
C026956,taribavirin,6490
C402343,tariquidar,6491
D013645,Tartrazine,6492
D013654,Taurine,6493
C030141,taurine-ursodeoxycholate conjugate,6494
D013655,Taurochenodeoxycholic Acid,6495
D013657,Taurodeoxycholic Acid,6496
C080625,taxane,6497
C003377,taxifolin,6498
C483062,taxiresinol,6499
D043823,Taxoids,6500
C086827,tazarotene,6501
D000078142,Tazobactam,6502
C531972,TBE 31,6503
C476718,TCF protocol,6504
C093792,TDO inhibitor LM10,6505
C508490,TDP 521252,6506
C508491,TDP 665759,6507
D013662,Tea,6508
C087114,tebuconazole,6509
C120040,tectoridin,6510
C120039,tectorigenin,6511
D005641,Tegafur,6512
C105050,tegaserod,6513
D017334,Teicoplanin,6514
C000594838,teixobactin,6515
C486464,telaprevir,6516
C487637,telavancin,6517
D000077712,Telbivudine,6518
C525458,telcagepant,6519
C046338,telenzepine,6520
C106791,telithromycin,6521
D013691,Tellurium,6522
D000077333,Telmisartan,6523
C436283,"telmisartan, hydrochlorothiazide drug combination",6524
C054745,temafloxacin,6525
D013693,Temazepam,6526
C105354,temiverine,6527
C069156,temocaprilat,6528
C055603,temocapril hydrochloride,6529
C031367,temocillin,6530
D000077204,Temozolomide,6531
C012053,tempalgin,6532
C003959,TEMPO,6533
C001803,tempol,6534
C505333,TEMPOL-H,6535
C401859,temsirolimus,6536
C119998,Tenatoprazole,6537
C062866,tenidap,6538
C059511,tenilsetam,6539
D013713,Teniposide,6540
C012058,tenocyclidine,6541
D000068698,Tenofovir,6542
C032801,tenoxicam,6543
C000616979,tenvermectin C,6544
C000616980,tenvermectin D,6545
C063836,tepirindole,6546
D013722,Teprotide,6547
C107479,TER 286,6548
C073357,teralgim,6549
C076852,terameprocol,6550
C041226,Terazosin,6551
D000077291,Terbinafine,6552
D013726,Terbutaline,6553
D016593,Terfenadine,6554
C527525,teriflunomide,6555
D019379,Teriparatide,6556
C100142,terizidone,6557
D000077585,Terlipressin,6558
C010637,terodiline,6559
D013729,Terpenes,6560
C005632,tertatolol,6561
C043232,tert-butyl beta-carboline-3-carboxylate,6562
C081709,tert-butyloxycarbonyl-phenylalanyl-leucyl-phenylalanyl-leucyl-phenylalanyl-OH,6563
C029738,tertiapin,6564
C501362,terutroban,6565
C501413,tesaglitazar,6566
C043062,tesmilifene,6567
D013735,Testicular Hormones,6568
D013739,Testosterone,6569
C004648,testosterone enanthate,6570
D043343,Testosterone Propionate,6571
C010792,testosterone undecanoate,6572
C534735,tetraarsenic tetrasulfide,6573
D013747,Tetrabenazine,6574
D013748,Tetracaine,6575
D013749,Tetrachlorodibenzodioxin,6576
D013752,Tetracycline,6577
C117155,tetracycline CMT-3,6578
C117153,tetracycline CMT-8,6579
D013754,Tetracyclines,6580
D013755,Tetradecanoylphorbol Acetate,6581
D019789,Tetraethylammonium,6582
C003403,tetrahydrocannabivarin 9,6583
C096277,tetrahydrocurcumin,6584
C009413,tetrahydrodeoxycorticosterone,6585
D044005,Tetrahydroisoquinolines,6586
C023455,tetrahydroneopterin,6587
C014215,tetrahydropalmatine,6588
C050950,tetrakis(N-methyl-4-pyridiniumyl)porphine manganese(III) complex,6589
C010349,tetramethylenedisulfotetramine,6590
C017953,tetramethylpyrazine,6591
D013773,Tetramisole,6592
C009438,tetrandrine,6593
C115985,tetrapeptide B,6594
C020809,tetrathiomolybdate,6595
C082644,tetrindole,6596
D013779,Tetrodotoxin,6597
C082309,tezampanel,6598
C120582,tezosentan,6599
C552526,TH 302,6600
C000712208,TH5487,6601
D013792,Thalidomide,6602
C549498,thamira parpam,6603
C056068,theaflavin,6604
C585473,"theaflavin-3,3'-digallate",6605
C026166,theanine,6606
C005795,thenalidine,6607
D013806,Theophylline,6608
C095476,"theophylline, salbutamol drug combination",6609
D013827,Thiabendazole,6610
D013830,Thiadiazoles,6611
D013831,Thiamine,6612
C013293,thiamine disulfide,6613
D013840,Thiamylal,6614
C030950,thiaton,6615
D049971,Thiazides,6616
D013843,Thiazines,6617
D045162,Thiazolidinediones,6618
D053778,Thiazolidines,6619
C475227,"thieno(2,3-c)isoquinolin-5-one",6620
D013847,Thiethylperazine,6621
D013828,Thioacetazone,6622
D008063,Thioctic Acid,6623
D013866,Thioguanine,6624
D013874,Thiopental,6625
C052075,thioperamide,6626
D013876,Thiophenes,6627
C095764,thiophenfurin,6628
C100194,thiopropazate,6629
D013881,Thioridazine,6630
D015244,Thiorphan,6631
C005151,thiosemicarbazide,6632
D013882,Thiosemicarbazones,6633
D013883,Thiostrepton,6634
D013852,Thiotepa,6635
D013888,Thiothixene,6636
D013890,Thiourea,6637
D013893,Thiram,6638
C505747,Thomsonide,6639
D000077596,Thymalfasin,6640
C032805,thymalin,6641
D013935,"Thymic Factor, Circulating",6642
D013936,Thymidine,6643
C512542,thymoglobulin,6644
D013943,Thymol,6645
D016305,Thymopentin,6646
C003466,thymoquinone,6647
C047944,"thyrotropin-releasing hormone, nVal(2)-",6648
D013974,Thyroxine,6649
C004568,tiadenol,6650
D000078308,Tiagabine,6651
C010354,tiamenidine,6652
C050504,tianeptine,6653
C553676,tianhuang,6654
D013976,Tiapamil Hydrochloride,6655
D063325,Tiapride Hydrochloride,6656
C033706,tiazofurin,6657
C027385,tibolone,6658
D000077486,Ticagrelor,6659
D013982,Ticarcillin,6660
C043215,ticarcillin-clavulanic acid,6661
D013988,Ticlopidine,6662
D013989,Ticrynafen,6663
C520571,tideglusib,6664
C020526,tiemonium methylsulfate,6665
D000078304,Tigecycline,6666
D013993,Tilidine,6667
C036593,tilisolol,6668
D013994,Tilorone,6669
D013999,Timolol,6670
C543146,timosaponin AIII,6671
C523027,timosaponin B-II,6672
D014002,Tin Fluorides,6673
C009492,tingenone,6674
D014011,Tinidazole,6675
C032628,tin protoporphyrin IX,6676
C083752,Tinuvin 770,6677
D008625,Tiopronin,6678
D000069447,Tiotropium Bromide,6679
C402769,tipifarnib,6680
C111757,TIP regimen,6681
C021339,tiprenolol,6682
C053355,tirilazad,6683
C005832,tisopurine,6684
C059835,"tissue plasminogen activator-(staphylococcal A, B fragment) dimer",6685
C009495,titanium dioxide,6686
C518838,Titanocene Y,6687
C023754,tizanidine,6688
C040872,TMF protocol,6689
D014028,Tobacco Smoke Pollution,6690
C025725,tobanum,6691
D014031,Tobramycin,6692
D016677,Tocainide,6693
D024505,Tocopherols,6694
C014225,tocophersolan,6695
C082097,"tocotrienol, delta",6696
D024508,Tocotrienols,6697
C479163,tofacitinib,6698
C005834,tofenacin,6699
C100227,tolamolol,6700
D014042,Tolazamide,6701
D014043,Tolazoline,6702
D014044,Tolbutamide,6703
D000077867,Tolcapone,6704
C009500,tolfenamic acid,6705
C073327,toliprolol,6706
D014046,Tolmetin,6707
D014048,Tolonium Chloride,6708
C010798,toloxatone,6709
D014049,Tolperisone,6710
D000068737,Tolterodine Tartrate,6711
C036670,toltrazuril,6712
D014050,Toluene,6713
D000077602,Tolvaptan,6714
C003677,tomatidine,6715
C012066,tomizine,6716
C513941,tongxinluo,6717
C036454,toosendanin,6718
D000077236,Topiramate,6719
D019772,Topotecan,6720
C061298,torbafylline,6721
D017312,Toremifene,6722
D000077786,Torsemide,6723
C078923,torularhodin,6724
C078922,torulene,6725
C055185,tosufloxacin,6726
D014108,Tosylphenylalanyl Chloromethyl Ketone,6727
D014117,Toxiferine,6728
C484810,tozasertib,6729
C000604982,TPD7 compound,6730
C482176,TPF protocol,6731
D000077606,Trabectedin,6732
C411671,TRAM 34,6733
D014147,Tramadol,6734
C560077,trametinib,6735
C001355,tramiprosate,6736
C052035,trandolapril,6737
D014148,Tranexamic Acid,6738
C012293,tranilast,6739
C496197,"trans-10,cis-12-conjugated linoleic acid",6740
C528105,"trans-3,4'-dimethyl-3-hydroxyflavanone",6741
C487773,trans-sodium crocetinate,6742
D014191,Tranylcypromine,6743
D000069557,Travoprost,6744
C095106,traxoprodil mesylate,6745
D014196,Trazodone,6746
D014199,Trehalose,6747
C000595449,trelagliptin,6748
C018404,treosulfan,6749
C427248,treprostinil,6750
C013042,trestolone acetate,6751
C100099,tretazicar,6752
D014212,Tretinoin,6753
D014221,Triamcinolone,6754
D014222,Triamcinolone Acetonide,6755
D014223,Triamterene,6756
C403535,triaquaoxohexakis(propionato)trichromium(III),6757
D014227,Triazines,6758
D014229,Triazolam,6759
D014230,Triazoles,6760
C020168,triazulenone,6761
C056017,tribendimidine,6762
C000713868,Tribulus extract,6763
C575594,tributylhexadecylphosphonium bromide,6764
C005830,tributyrin,6765
C003636,tricaine,6766
C476530,tricarbonylchloro(glycinato)ruthenium(II),6767
C447082,tricarbonyldichlororuthenium (II) dimer,6768
C469689,tricetin,6769
C000629124,tricetinidin,6770
D014236,Trichlorfon,6771
D014237,Trichlormethiazide,6772
D014238,Trichloroacetic Acid,6773
C090066,trichorabdal A,6774
C090068,trichorabdal B,6775
C090069,trichorabdal C,6776
C090071,trichorabdal H,6777
C012589,trichostatin A,6778
C023764,triciribine,6779
D000077682,Triclabendazole,6780
C009540,triclocarban,6781
C004345,triclofos,6782
D014260,Triclosan,6783
C005386,tridihexethyl,6784
C045958,trienomycin A,6785
D014266,Trientine,6786
D014268,Trifluoperazine,6787
D014273,Triflupromazine,6788
D014274,Trifluralin,6789
C016167,triflusal,6790
D014280,Triglycerides,6791
C009560,trigonelline,6792
C531010,triheptanoin,6793
D014282,Trihexyphenidyl,6794
D014284,Triiodothyronine,6795
C009954,trilostane,6796
C005185,trimazosin,6797
D014287,Trimebutine,6798
D014288,Trimecaine,6799
D014289,Trimedoxime,6800
D014292,Trimetazidine,6801
D014293,Trimethadione,6802
D014294,Trimethaphan,6803
C017774,trimethaphan camsylate,6804
C100146,trimethobenzamide,6805
D014295,Trimethoprim,6806
C029078,trimethoprim sulfamethizole,6807
D015662,"Trimethoprim, Sulfamethoxazole Drug Combination",6808
D014299,Trimipramine,6809
C025541,tri-o-cresyl phosphate,6810
D014307,Trioxsalen,6811
C000608764,triphenyl(phenylethynyl)phosphonium,6812
C005445,triphenyl phosphate,6813
D014311,Triprolidine,6814
C001899,triptolide,6815
C084079,triptonide,6816
D017329,Triptorelin Pamoate,6817
C016481,trisialoganglioside GT1,6818
D014315,Triterpenes,6819
C111212,TRK 820,6820
C071168,trofopar,6821
D000077288,Troglitazone,6822
C005873,trolnitrate,6823
C057940,Tropamine,6824
C071351,tropanyl benzylate,6825
D014331,Tropicamide,6826
D000077526,Tropisetron,6827
C003330,trospium chloride,6828
C080163,trovafloxacin,6829
C005865,troxerutin,6830
C046243,tryptanthrine,6831
C009804,tryptoline,6832
C474316,tubacin,6833
C553587,tubastatin A,6834
C051084,tubeimoside I,6835
C034243,tuberostemonine,6836
C000721052,tubocapsenolide A,6837
D014403,Tubocurarine,6838
C010809,tulobuterol,6839
D014414,Tungsten,6840
C012596,turmeric extract,6841
C054337,tussilagone,6842
C107231,TX 1845,6843
C004218,tylophorine,6844
D015645,Tylosin,6845
C036930,tyrosyl-prolyl-leucyl-glycinamide,6846
C090826,tyrosyl-prolyl-lysyl-glycinamide,6847
C447031,tyrphostin AG 1024,6848
C113580,U 0126,6849
C006104,U 0521,6850
C082658,U 37883A,6851
C035971,U 43465F,6852
C045444,U 69593,6853
C053356,U 74500A,6854
C066382,U 78517F,6855
C096761,U 90042,6856
C514931,UA 0713,6857
C112106,UAB 30,6858
D014451,Ubiquinone,6859
C025204,Ubiquinone Q2,6860
C419664,udenafil,6861
C096910,UFT(R) drug,6862
C045971,UH 232,6863
C450961,"UK 343,664",6864
C063942,UKALL X protocol,6865
C060921,ukrain,6866
C074190,ulifloxacin,6867
C014269,UM 747,6868
C000592878,UMI-77,6869
C086979,umifenovir,6870
C561310,UNC 0638,6871
C526928,undecan-2-one,6872
D014494,Unithiol,6873
D014498,Uracil,6874
D014499,Uracil Mustard,6875
C015568,urapidil,6876
D014508,Urea,6877
D014520,Urethane,6878
D014527,Uric Acid,6879
D014529,Uridine,6880
D014560,Urocanic Acid,6881
C000595064,urolithin B,6882
C027278,urovision,6883
D014580,Ursodeoxycholic Acid,6884
C076256,ursodeoxycholic acid-3-O-glucuronide,6885
C031655,ursodoxicoltaurine,6886
D000097245,Ursolic Acid,6887
C073339,usnic acid,6888
C538779,uyakujunkisan,6889
C056903,VAB-6 regimen,6890
C060751,VACA protocol,6891
D014612,Vaccines,6892
D018074,"Vaccines, Conjugate",6893
C069293,VACOP-B protocol,6894
C010306,VAC protocol,6895
C035928,VAD combination,6896
C047727,VADIC protocol,6897
C066668,vadimezan,6898
C041041,VAD I protocol,6899
C045351,VAD protocol,6900
D000077483,Valacyclovir,6901
C000603978,valbenazine,6902
C406224,valdecoxib,6903
D014631,Valerates,6904
D000077562,Valganciclovir,6905
C502577,Val-Glu-Pro-Ile-Gly-Tyr,6906
C054478,valilactone,6907
D014633,Valine,6908
C045179,valnoctamide,6909
C506207,valopicitabine,6910
D014635,Valproic Acid,6911
D000068756,Valsartan,6912
C070272,valspodar,6913
C107385,valyl-prolyl-aspartyl-prolyl-arginine,6914
C083702,vamicamide,6915
D014638,Vanadates,6916
D014639,Vanadium,6917
D017968,Vanadium Compounds,6918
C034028,vanadyl sulfate,6919
D014640,Vancomycin,6920
C452423,vandetanib,6921
C107535,vanidilol,6922
C100058,vanillin,6923
C088562,vaninolol,6924
C043425,vanoxerine,6925
C036337,VAP-cyclo protocol,6926
D000069058,Vardenafil Dihydrochloride,6927
D000068580,Varenicline,6928
C117948,varespladib,6929
C019592,vasicine,6930
C052548,vasicinone,6931
C048507,"vasoactive intestinal peptide, 4-chloro-Phe(6)-Leu(17)-",6932
D014662,Vasoconstrictor Agents,6933
D014665,Vasodilator Agents,6934
C025043,"vasopressin, 1-(1-mercaptocyclohexaneacetic acid)-2-(O- methyl-L-tyrosine)-8-L-arginine-",6935
C090529,"vasopressin, beta mercapto(beta,beta)-cyclopentamethylenepropionic acid(1)-Phe(2)-Ile(4)-Arg(8)-Ala(9)-",6936
C559490,"vasopressin, Phe(2)-Ile(3)-Hgn(4)-Orn(iPr)(8)-",6937
D014667,Vasopressins,6938
D014668,Vasotocin,6939
C404768,vatalanib,6940
C036986,VBA protocol,6941
C406583,VBVP protocol,6942
C044433,VCP protocol 2,6943
C048526,VDD protocol,6944
D014673,Vecuronium Bromide,6945
C074606,VEEP regimen,6946
C521013,veliparib,6947
D000077484,Vemurafenib,6948
C579720,venetoclax,6949
D000069470,Venlafaxine Hydrochloride,6950
C062938,VEP-THP protocol,6951
C027429,veralipride,6952
D014700,Verapamil,6953
C059141,verlukast,6954
C524581,vernakalant,6955
C465365,vernodalin,6956
C000602211,vernodalol,6957
C003761,versicolin,6958
D000077362,Verteporfin,6959
C041667,vesnarinone,6960
C573672,VI-14 flavonoid,6961
C047585,VIA protocol,6962
C570018,vicanicin,6963
C107843,VICOP-B protocol,6964
D014740,Vidarabine,6965
D001084,Vidarabine Phosphate,6966
D020888,Vigabatrin,6967
D000077597,Vildagliptin,6968
D014745,Viloxazine,6969
C000654848,viltolarsen,6970
D014747,Vinblastine,6971
D014749,Vincamine,6972
D014750,Vincristine,6973
C044616,vindeburnol,6974
D014751,Vindesine,6975
C111217,vinflunine,6976
D000077235,Vinorelbine,6977
C013983,vinpocetine,6978
D014752,Vinyl Chloride,6979
C063155,violacein,6980
D014756,Viomycin,6981
C091884,VIP-E protocol,6982
C508238,VIP regimen 2,6983
C456739,virodhamine,6984
C545581,Vitaherpavac,6985
D014801,Vitamin A,6986
D014805,Vitamin B 12,6987
D025101,Vitamin B 6,6988
D014807,Vitamin D,6989
D014810,Vitamin E,6990
D014812,Vitamin K,6991
D010837,Vitamin K 1,6992
D024482,Vitamin K 2,6993
D024483,Vitamin K 3,6994
C024534,vitamin k5,6995
D014814,Vitamin U,6996
C032731,vitexin,6997
C551853,Viusid,6998
C001572,VK 744,6999
C038967,VMCP protocol,7000
C046428,VMP protocol,7001
C049505,voacristine,7002
C103207,vofopitant,7003
C102817,voglibose,7004
C079049,volinanserin,7005
D065819,Voriconazole,7006
D000077337,Vorinostat,7007
D000078784,Vortioxetine,7008
C000628792,voxelotor,7009
C047587,VP-P protocol,7010
C017967,W 7,7011
C574123,walrycin A,7012
C085074,Walsh peptide,7013
D014859,Warfarin,7014
D014867,Water,7015
C499198,WAY-169916,7016
C540004,WAY-362450,7017
C052518,WEB 2086,7018
C051122,wedelolactone,7019
C528002,Weichang'an,7020
C000708357,weifuchun,7021
C513529,WeiJia,7022
C521629,Wen-pi-tang-Hab-Wu-ling-san,7023
C086111,WIN 51708,7024
C009684,withaferin A,7025
C560597,withanone,7026
C000588914,WJ1376-1,7027
C000588915,WJ1398-1,7028
C534890,WLP-S-10,7029
C085514,wogonin,7030
D000077191,Wortmannin,7031
C519885,WP1066,7032
C451735,WP 744,7033
C501648,WP9QY peptide,7034
C073155,WR 243251,7035
C461480,WR279396,7036
C006292,WR 30090,7037
C081767,WR 33063,7038
C000601111,wuji wan formula,7039
C443861,wulingsan,7040
C546141,wuwei dilong,7041
C462299,xaliproden,7042
D017307,Xamoterol,7043
C075257,xanomeline,7044
C022186,xanthatin,7045
D014970,Xanthines,7046
C548611,xanthoceraside,7047
C104536,xanthohumol,7048
C009689,xanthone,7049
D044004,Xanthones,7050
C488234,XCT790,7051
C519688,XELOX,7052
D014978,Xenon,7053
C511704,xestospongin C,7054
C116381,XH-14,7055
C000716953,xianglian pill,7056
C000716307,xiaoluowan,7057
C516449,xiaoyao,7058
C006027,xibenolol,7059
C426686,ximelagatran,7060
C533622,xinfeng,7061
C530084,xinmaitong,7062
C528128,xiongshao,7063
D014988,Xipamide,7064
C548351,XLF-III-43,7065
C549376,Xuebijing,7066
C509799,xuesetong,7067
C496822,xuezhikang,7068
D014991,Xylazine,7069
D014992,Xylenes,7070
D014993,Xylitol,7071
C009695,xylometazoline,7072
C062632,Y 20024,7073
C074338,Y 26763,7074
C108830,Y 27632,7075
C042566,yakuchinone-A,7076
C121978,yakuchinone B,7077
C110481,yangonin,7078
C104428,YF 476,7079
C098009,YH 439,7080
C000728638,Yindan Xinnaotong,7081
C022913,YM-08050,7082
C064876,YM 16151-1,7083
C068679,YM 264,7084
C106124,YM 430,7085
C087958,YM 529,7086
C110629,YM 872,7087
D015016,Yohimbine,7088
C502768,you-gui-wan,7089
C521292,YSNSG cyclopeptide,7090
C531537,Yueju-Wan,7091
C511199,yufengningxin,7092
C550194,yugan,7093
C532967,yupingfeng,7094
C000607342,YW3-56,7095
C583221,((Z)-1-thiophen-2-ylethylideneamino)thiourea,7096
C062735,zafirlukast,7097
D016047,Zalcitabine,7098
C085665,zaleplon,7099
D053243,Zanamivir,7100
C076903,zankiren hydrochloride,7101
C011145,zaprinast,7102
C043636,zatebradine,7103
C000721092,ZCL-082,7104
C415840,ZD 2574,7105
C511404,ZD4054,7106
D015026,Zeatin,7107
C073504,zelandopam,7108
C060594,zeniplatin,7109
C403304,zerumbone,7110
C568285,zeta-inhibitory peptide,7111
C027277,zetidoline,7112
C000625668,ZH-2 compound,7113
C540317,Zhengqing Fengtongning,7114
C526719,zhigancao decoction,7115
C060637,zhi-mu saponin,7116
C078452,ziconotide,7117
D015215,Zidovudine,7118
C063449,zileuton,7119
D015031,Zimeldine,7120
D015032,Zinc,7121
C000612733,ZINC32101539,7122
C000612732,ZINC33468944,7123
D019345,Zinc Acetate,7124
C016837,zinc chloride,7125
D017967,Zinc Compounds,7126
D015034,Zinc Oxide,7127
C017803,zinc protoporphyrin,7128
D019287,Zinc Sulfate,7129
C013738,zingerone,7130
C092292,ziprasidone,7131
C481822,ZK 216348,7132
C481962,ZK253,7133
C481961,ZK703,7134
C097270,ZM 241385,7135
C462061,ZnAF-2,7136
C044958,zofenopril,7137
D000077211,Zoledronic Acid,7138
C089750,zolmitriptan,7139
D000077334,Zolpidem,7140
C020549,zomepirac,7141
C424422,zoniporide,7142
D000078305,Zonisamide,7143
C515050,zopiclone,7144
C067172,zopolrestat,7145
C002205,zorubicin,7146
C070927,zosterin,7147
C489443,zotarolimus,7148
C022172,zotepine,7149
